external_customer_id,full_name,phone,email
3200000000000001,Ayu Santoso,087627595111,cust001.0001@lab.ecmp.local
3200000000000002,Ayu Wijaya,083283126863,cust002.0002@lab.ecmp.local
3200000000000003,Ayu Kusuma,086848814100,cust003.0003@lab.ecmp.local
3200000000000004,Ayu Saputra,083319296036,cust004.0004@lab.ecmp.local
3200000000000005,Ayu Lestari,088469955122,cust005.0005@lab.ecmp.local
3200000000000006,Ayu Rahayu,085891908125,cust006.0006@lab.ecmp.local
3200000000000007,Ayu Nugroho,086217052022,cust007.0007@lab.ecmp.local
3200000000000008,Ayu Hidayat,081487174149,cust008.0008@lab.ecmp.local
3200000000000009,Ayu Putra,089654965847,cust009.0009@lab.ecmp.local
3200000000000010,Ayu Putri,089852332619,cust010.0010@lab.ecmp.local
3200000000000011,Ayu Sari,082976793912,cust011.0011@lab.ecmp.local
3200000000000012,Ayu Wibowo,081421567256,cust012.0012@lab.ecmp.local
3200000000000013,Ayu Gunawan,089645476007,cust013.0013@lab.ecmp.local
3200000000000014,Ayu Halim,088383030341,cust014.0014@lab.ecmp.local
3200000000000015,Ayu Firmansyah,086989346906,cust015.0015@lab.ecmp.local
3200000000000016,Ayu Mahendra,081560454010,cust016.0016@lab.ecmp.local
3200000000000017,Ayu Permata,081277692575,cust017.0017@lab.ecmp.local
3200000000000018,Ayu Anggraini,086792033887,cust018.0018@lab.ecmp.local
3200000000000019,Ayu Syahputra,088490344234,cust019.0019@lab.ecmp.local
3200000000000020,Ayu Nasution,086912841066,cust020.0020@lab.ecmp.local
3200000000000021,Budi Simanjuntak,088333481073,cust021.0021@lab.ecmp.local
3200000000000022,Budi Siregar,083823776099,cust022.0022@lab.ecmp.local
3200000000000023,Budi Harahap,081164678809,cust023.0023@lab.ecmp.local
3200000000000024,Budi Manurung,089541849979,cust024.0024@lab.ecmp.local
3200000000000025,Budi Panggabean,083878934250,cust025.0025@lab.ecmp.local
3200000000000026,Budi Situmorang,089015031844,cust026.0026@lab.ecmp.local
3200000000000027,Budi Hutagalung,083340106117,cust027.0027@lab.ecmp.local
3200000000000028,Budi Lubis,088398889670,cust028.0028@lab.ecmp.local
3200000000000029,Budi Dalimunthe,087244888578,cust029.0029@lab.ecmp.local
3200000000000030,Budi Kurniawan,086610115685,cust030.0030@lab.ecmp.local
3200000000000031,Budi Setiawan,088416276229,cust031.0031@lab.ecmp.local
3200000000000032,Budi Handayani,084511165483,cust032.0032@lab.ecmp.local
3200000000000033,Budi Purnomo,089911111151,cust033.0033@lab.ecmp.local
3200000000000034,Budi Utami,083386093190,cust034.0034@lab.ecmp.local
3200000000000035,Budi Rahman,083243178688,cust035.0035@lab.ecmp.local
3200000000000036,Budi Fauzi,089747624822,cust036.0036@lab.ecmp.local
3200000000000037,Budi Iskandar,081242465705,cust037.0037@lab.ecmp.local
3200000000000038,Budi Maulana,085766450206,cust038.0038@lab.ecmp.local
3200000000000039,Budi Ramadhan,082186093246,cust039.0039@lab.ecmp.local
3200000000000040,Budi Safitri,087170398258,cust040.0040@lab.ecmp.local
3200000000000041,Sinta Setiawan,086260325695,cust041.0041@lab.ecmp.local
3200000000000042,Tari Utami,081813176693,cust042.0042@lab.ecmp.local
3200000000000043,Usman Iskandar,086198943332,cust043.0043@lab.ecmp.local
3200000000000044,Vera Safitri,087349874562,cust044.0044@lab.ecmp.local
3200000000000045,Widi Cahyono,087996104564,cust045.0045@lab.ecmp.local
3200000000000046,Yusuf Pratama,082625835073,cust046.0046@lab.ecmp.local
3200000000000047,Zahra Kusuma,089643232736,cust047.0047@lab.ecmp.local
3200000000000048,Andi Rahayu,084380077044,cust048.0048@lab.ecmp.local
3200000000000049,Bagus Putra,083854130518,cust049.0049@lab.ecmp.local
3200000000000050,Ahmad Wibowo,082941013575,cust050.0050@lab.ecmp.local
3200000000000051,Budi Firmansyah,083245569858,cust051.0051@lab.ecmp.local
3200000000000052,Citra Anggraini,086975877111,cust052.0052@lab.ecmp.local
3200000000000053,Dewi Simanjuntak,085614674896,cust053.0053@lab.ecmp.local
3200000000000054,Eko Manurung,087087168964,cust054.0054@lab.ecmp.local
3200000000000055,Fitri Hutagalung,081173266507,cust055.0055@lab.ecmp.local
3200000000000056,Galih Kurniawan,086816630675,cust056.0056@lab.ecmp.local
3200000000000057,Hana Purnomo,089561239899,cust057.0057@lab.ecmp.local
3200000000000058,Indra Fauzi,086715633549,cust058.0058@lab.ecmp.local
3200000000000059,Joko Ramadhan,084299269845,cust059.0059@lab.ecmp.local
3200000000000060,Kartika Wulandari,084949079074,cust060.0060@lab.ecmp.local
3200000000000061,Lestari Hartono,085653577814,cust061.0061@lab.ecmp.local
3200000000000062,Maya Wijaya,086633405221,cust062.0062@lab.ecmp.local
3200000000000063,Nanda Lestari,089096975700,cust063.0063@lab.ecmp.local
3200000000000064,Oki Hidayat,084916957443,cust064.0064@lab.ecmp.local
3200000000000065,Putri Sari,089399754159,cust065.0065@lab.ecmp.local
3200000000000066,Rizky Halim,084742477220,cust066.0066@lab.ecmp.local
3200000000000067,Sari Permata,084086643232,cust067.0067@lab.ecmp.local
3200000000000068,Tono Nasution,082725588124,cust068.0068@lab.ecmp.local
3200000000000069,Umi Harahap,089165220338,cust069.0069@lab.ecmp.local
3200000000000070,Vina Situmorang,089349304791,cust070.0070@lab.ecmp.local
3200000000000071,Wawan Dalimunthe,089059298603,cust071.0071@lab.ecmp.local
3200000000000072,Yuni Handayani,085262605041,cust072.0072@lab.ecmp.local
3200000000000073,Zaki Rahman,086627579522,cust073.0073@lab.ecmp.local
3200000000000074,Agus Maulana,088596654273,cust074.0074@lab.ecmp.local
3200000000000075,Bayu Astuti,089197964234,cust075.0075@lab.ecmp.local
3200000000000076,Cahya Susanto,089949261465,cust076.0076@lab.ecmp.local
3200000000000077,Dian Santoso,081282048145,cust077.0077@lab.ecmp.local
3200000000000078,Endah Saputra,089249288553,cust078.0078@lab.ecmp.local
3200000000000079,Fajar Nugroho,083293985251,cust079.0079@lab.ecmp.local
3200000000000080,Gina Putri,088674276019,cust080.0080@lab.ecmp.local
3200000000000081,Hendra Gunawan,084064974810,cust081.0081@lab.ecmp.local
3200000000000082,Intan Mahendra,084645491906,cust082.0082@lab.ecmp.local
3200000000000083,Jihan Syahputra,087882240061,cust083.0083@lab.ecmp.local
3200000000000084,Kurnia Siregar,084015388511,cust084.0084@lab.ecmp.local
3200000000000085,Lina Panggabean,085386807176,cust085.0085@lab.ecmp.local
3200000000000086,Mira Lubis,088732926140,cust086.0086@lab.ecmp.local
3200000000000087,Nur Setiawan,081235004112,cust087.0087@lab.ecmp.local
3200000000000088,Omar Utami,083476633253,cust088.0088@lab.ecmp.local
3200000000000089,Pras Iskandar,087566608751,cust089.0089@lab.ecmp.local
3200000000000090,Rina Safitri,089974389229,cust090.0090@lab.ecmp.local
3200000000000091,Sinta Cahyono,086028709423,cust091.0091@lab.ecmp.local
3200000000000092,Tari Pratama,085356562936,cust092.0092@lab.ecmp.local
3200000000000093,Usman Kusuma,086986175094,cust093.0093@lab.ecmp.local
3200000000000094,Vera Rahayu,087088250975,cust094.0094@lab.ecmp.local
3200000000000095,Widi Putra,082633185165,cust095.0095@lab.ecmp.local
3200000000000096,Yusuf Wibowo,083286699673,cust096.0096@lab.ecmp.local
3200000000000097,Zahra Firmansyah,086781566611,cust097.0097@lab.ecmp.local
3200000000000098,Andi Anggraini,085891257075,cust098.0098@lab.ecmp.local
3200000000000099,Bagus Simanjuntak,087731523838,cust099.0099@lab.ecmp.local
3200000000000100,Ahmad Manurung,085066056401,cust100.0100@lab.ecmp.local
3200000000000101,Budi Hutagalung,084248550944,cust101.0101@lab.ecmp.local
3200000000000102,Citra Kurniawan,084734725796,cust102.0102@lab.ecmp.local
3200000000000103,Dewi Purnomo,088442301216,cust103.0103@lab.ecmp.local
3200000000000104,Eko Fauzi,084165376932,cust104.0104@lab.ecmp.local
3200000000000105,Fitri Ramadhan,084284356374,cust105.0105@lab.ecmp.local
3200000000000106,Galih Wulandari,087318557926,cust106.0106@lab.ecmp.local
3200000000000107,Hana Hartono,086041397164,cust107.0107@lab.ecmp.local
3200000000000108,Indra Wijaya,089047712074,cust108.0108@lab.ecmp.local
3200000000000109,Joko Lestari,088759197937,cust109.0109@lab.ecmp.local
3200000000000110,Kartika Hidayat,086039354869,cust110.0110@lab.ecmp.local
3200000000000111,Lestari Sari,084632768899,cust111.0111@lab.ecmp.local
3200000000000112,Maya Halim,088191692640,cust112.0112@lab.ecmp.local
3200000000000113,Nanda Permata,087613777734,cust113.0113@lab.ecmp.local
3200000000000114,Oki Nasution,085077097411,cust114.0114@lab.ecmp.local
3200000000000115,Putri Harahap,085669607611,cust115.0115@lab.ecmp.local
3200000000000116,Rizky Situmorang,087485489335,cust116.0116@lab.ecmp.local
3200000000000117,Sari Dalimunthe,081576091539,cust117.0117@lab.ecmp.local
3200000000000118,Tono Handayani,084664039275,cust118.0118@lab.ecmp.local
3200000000000119,Umi Rahman,089546439287,cust119.0119@lab.ecmp.local
3200000000000120,Vina Maulana,082886142474,cust120.0120@lab.ecmp.local
3200000000000121,Wawan Astuti,087432313384,cust121.0121@lab.ecmp.local
3200000000000122,Yuni Susanto,082772044736,cust122.0122@lab.ecmp.local
3200000000000123,Zaki Santoso,087350811997,cust123.0123@lab.ecmp.local
3200000000000124,Agus Saputra,084258621173,cust124.0124@lab.ecmp.local
3200000000000125,Bayu Nugroho,086664332352,cust125.0125@lab.ecmp.local
3200000000000126,Cahya Putri,086789857195,cust126.0126@lab.ecmp.local
3200000000000127,Dian Gunawan,086711649733,cust127.0127@lab.ecmp.local
3200000000000128,Endah Mahendra,087968305829,cust128.0128@lab.ecmp.local
3200000000000129,Fajar Syahputra,087261103662,cust129.0129@lab.ecmp.local
3200000000000130,Gina Siregar,085831064588,cust130.0130@lab.ecmp.local
3200000000000131,Hendra Panggabean,082480607495,cust131.0131@lab.ecmp.local
3200000000000132,Intan Lubis,086858740395,cust132.0132@lab.ecmp.local
3200000000000133,Jihan Setiawan,087798875029,cust133.0133@lab.ecmp.local
3200000000000134,Kurnia Utami,085292207360,cust134.0134@lab.ecmp.local
3200000000000135,Lina Iskandar,083680185236,cust135.0135@lab.ecmp.local
3200000000000136,Mira Safitri,085357593871,cust136.0136@lab.ecmp.local
3200000000000137,Nur Cahyono,081973497261,cust137.0137@lab.ecmp.local
3200000000000138,Omar Pratama,083522737158,cust138.0138@lab.ecmp.local
3200000000000139,Pras Kusuma,089865465512,cust139.0139@lab.ecmp.local
3200000000000140,Rina Rahayu,089913484395,cust140.0140@lab.ecmp.local
3200000000000141,Sinta Putra,087379644631,cust141.0141@lab.ecmp.local
3200000000000142,Tari Wibowo,083362606385,cust142.0142@lab.ecmp.local
3200000000000143,Usman Firmansyah,085834635629,cust143.0143@lab.ecmp.local
3200000000000144,Vera Anggraini,082983154853,cust144.0144@lab.ecmp.local
3200000000000145,Widi Simanjuntak,088133479668,cust145.0145@lab.ecmp.local
3200000000000146,Yusuf Manurung,082286906846,cust146.0146@lab.ecmp.local
3200000000000147,Zahra Hutagalung,089178725746,cust147.0147@lab.ecmp.local
3200000000000148,Andi Kurniawan,083643927957,cust148.0148@lab.ecmp.local
3200000000000149,Bagus Purnomo,089773736988,cust149.0149@lab.ecmp.local
3200000000000150,Ahmad Fauzi,084217755584,cust150.0150@lab.ecmp.local
3200000000000151,Budi Ramadhan,081961180582,cust151.0151@lab.ecmp.local
3200000000000152,Citra Wulandari,085797277227,cust152.0152@lab.ecmp.local
3200000000000153,Dewi Hartono,089051822716,cust153.0153@lab.ecmp.local
3200000000000154,Eko Wijaya,086633741334,cust154.0154@lab.ecmp.local
3200000000000155,Fitri Lestari,083550197780,cust155.0155@lab.ecmp.local
3200000000000156,Galih Hidayat,081598201224,cust156.0156@lab.ecmp.local
3200000000000157,Hana Sari,084392442634,cust157.0157@lab.ecmp.local
3200000000000158,Indra Halim,086031303665,cust158.0158@lab.ecmp.local
3200000000000159,Joko Permata,085331862696,cust159.0159@lab.ecmp.local
3200000000000160,Kartika Nasution,088319522853,cust160.0160@lab.ecmp.local
3200000000000161,Lestari Harahap,088215447794,cust161.0161@lab.ecmp.local
3200000000000162,Maya Situmorang,084626768185,cust162.0162@lab.ecmp.local
3200000000000163,Nanda Dalimunthe,084137216209,cust163.0163@lab.ecmp.local
3200000000000164,Oki Handayani,086887225148,cust164.0164@lab.ecmp.local
3200000000000165,Putri Rahman,083048583057,cust165.0165@lab.ecmp.local
3200000000000166,Rizky Maulana,082378605062,cust166.0166@lab.ecmp.local
3200000000000167,Sari Astuti,083976262670,cust167.0167@lab.ecmp.local
3200000000000168,Tono Susanto,084477325979,cust168.0168@lab.ecmp.local
3200000000000169,Umi Santoso,082991546359,cust169.0169@lab.ecmp.local
3200000000000170,Vina Saputra,082661799279,cust170.0170@lab.ecmp.local
3200000000000171,Wawan Nugroho,088766596473,cust171.0171@lab.ecmp.local
3200000000000172,Yuni Putri,087141329915,cust172.0172@lab.ecmp.local
3200000000000173,Zaki Gunawan,088376019494,cust173.0173@lab.ecmp.local
3200000000000174,Agus Mahendra,083362588599,cust174.0174@lab.ecmp.local
3200000000000175,Bayu Syahputra,086557925199,cust175.0175@lab.ecmp.local
3200000000000176,Cahya Siregar,086366726181,cust176.0176@lab.ecmp.local
3200000000000177,Dian Panggabean,088979428424,cust177.0177@lab.ecmp.local
3200000000000178,Endah Lubis,084619376827,cust178.0178@lab.ecmp.local
3200000000000179,Fajar Setiawan,081366929554,cust179.0179@lab.ecmp.local
3200000000000180,Gina Utami,083086677239,cust180.0180@lab.ecmp.local
3200000000000181,Hendra Iskandar,088517987117,cust181.0181@lab.ecmp.local
3200000000000182,Intan Safitri,083614729369,cust182.0182@lab.ecmp.local
3200000000000183,Jihan Cahyono,085997829036,cust183.0183@lab.ecmp.local
3200000000000184,Kurnia Pratama,089660936869,cust184.0184@lab.ecmp.local
3200000000000185,Lina Kusuma,081635755837,cust185.0185@lab.ecmp.local
3200000000000186,Mira Rahayu,087888602506,cust186.0186@lab.ecmp.local
3200000000000187,Nur Putra,089468751831,cust187.0187@lab.ecmp.local
3200000000000188,Omar Wibowo,089882961336,cust188.0188@lab.ecmp.local
3200000000000189,Pras Firmansyah,082624670359,cust189.0189@lab.ecmp.local
3200000000000190,Rina Anggraini,084573178766,cust190.0190@lab.ecmp.local
3200000000000191,Sinta Simanjuntak,082174783442,cust191.0191@lab.ecmp.local
3200000000000192,Tari Manurung,082826838131,cust192.0192@lab.ecmp.local
3200000000000193,Usman Hutagalung,085522742178,cust193.0193@lab.ecmp.local
3200000000000194,Vera Kurniawan,088759213011,cust194.0194@lab.ecmp.local
3200000000000195,Widi Purnomo,085447850928,cust195.0195@lab.ecmp.local
3200000000000196,Yusuf Fauzi,083146602663,cust196.0196@lab.ecmp.local
3200000000000197,Zahra Ramadhan,084390065225,cust197.0197@lab.ecmp.local
3200000000000198,Andi Wulandari,089390915219,cust198.0198@lab.ecmp.local
3200000000000199,Bagus Hartono,087732110882,cust199.0199@lab.ecmp.local
3200000000000200,Ahmad Wijaya,081576564268,cust200.0200@lab.ecmp.local
3200000000000201,Budi Lestari,087812043179,cust201.0201@lab.ecmp.local
3200000000000202,Citra Hidayat,087397965620,cust202.0202@lab.ecmp.local
3200000000000203,Dewi Sari,081573277804,cust203.0203@lab.ecmp.local
3200000000000204,Eko Halim,086642617594,cust204.0204@lab.ecmp.local
3200000000000205,Fitri Permata,089029260350,cust205.0205@lab.ecmp.local
3200000000000206,Galih Nasution,089157478939,cust206.0206@lab.ecmp.local
3200000000000207,Hana Harahap,085448858374,cust207.0207@lab.ecmp.local
3200000000000208,Indra Situmorang,084623953820,cust208.0208@lab.ecmp.local
3200000000000209,Joko Dalimunthe,083381144539,cust209.0209@lab.ecmp.local
3200000000000210,Kartika Handayani,086782936012,cust210.0210@lab.ecmp.local
3200000000000211,Lestari Rahman,088672889653,cust211.0211@lab.ecmp.local
3200000000000212,Maya Maulana,081581668791,cust212.0212@lab.ecmp.local
3200000000000213,Nanda Astuti,084056572341,cust213.0213@lab.ecmp.local
3200000000000214,Oki Susanto,089937320961,cust214.0214@lab.ecmp.local
3200000000000215,Putri Santoso,087399644152,cust215.0215@lab.ecmp.local
3200000000000216,Rizky Saputra,082987674592,cust216.0216@lab.ecmp.local
3200000000000217,Sari Nugroho,084182360936,cust217.0217@lab.ecmp.local
3200000000000218,Tono Putri,083568644942,cust218.0218@lab.ecmp.local
3200000000000219,Umi Gunawan,081716140010,cust219.0219@lab.ecmp.local
3200000000000220,Vina Mahendra,085183171542,cust220.0220@lab.ecmp.local
3200000000000221,Wawan Syahputra,085495946025,cust221.0221@lab.ecmp.local
3200000000000222,Yuni Siregar,088618089330,cust222.0222@lab.ecmp.local
3200000000000223,Zaki Panggabean,085513108015,cust223.0223@lab.ecmp.local
3200000000000224,Agus Lubis,082843674385,cust224.0224@lab.ecmp.local
3200000000000225,Bayu Setiawan,083343748034,cust225.0225@lab.ecmp.local
3200000000000226,Cahya Utami,087617299777,cust226.0226@lab.ecmp.local
3200000000000227,Dian Iskandar,083273092773,cust227.0227@lab.ecmp.local
3200000000000228,Endah Safitri,084659390104,cust228.0228@lab.ecmp.local
3200000000000229,Fajar Cahyono,087051786128,cust229.0229@lab.ecmp.local
3200000000000230,Gina Pratama,086785650986,cust230.0230@lab.ecmp.local
3200000000000231,Hendra Kusuma,087022904058,cust231.0231@lab.ecmp.local
3200000000000232,Intan Rahayu,081835272888,cust232.0232@lab.ecmp.local
3200000000000233,Jihan Putra,081787816224,cust233.0233@lab.ecmp.local
3200000000000234,Kurnia Wibowo,087564908661,cust234.0234@lab.ecmp.local
3200000000000235,Lina Firmansyah,087142286695,cust235.0235@lab.ecmp.local
3200000000000236,Mira Anggraini,082623791367,cust236.0236@lab.ecmp.local
3200000000000237,Nur Simanjuntak,081337985703,cust237.0237@lab.ecmp.local
3200000000000238,Omar Manurung,083248887900,cust238.0238@lab.ecmp.local
3200000000000239,Pras Hutagalung,086195726761,cust239.0239@lab.ecmp.local
3200000000000240,Rina Kurniawan,085935466711,cust240.0240@lab.ecmp.local
3200000000000241,Sinta Purnomo,084778031827,cust241.0241@lab.ecmp.local
3200000000000242,Tari Fauzi,088140412843,cust242.0242@lab.ecmp.local
3200000000000243,Usman Ramadhan,086394576302,cust243.0243@lab.ecmp.local
3200000000000244,Vera Wulandari,085977069450,cust244.0244@lab.ecmp.local
3200000000000245,Widi Hartono,081525059629,cust245.0245@lab.ecmp.local
3200000000000246,Yusuf Wijaya,088947180181,cust246.0246@lab.ecmp.local
3200000000000247,Zahra Lestari,088787127830,cust247.0247@lab.ecmp.local
3200000000000248,Andi Hidayat,086918405830,cust248.0248@lab.ecmp.local
3200000000000249,Bagus Sari,083062016605,cust249.0249@lab.ecmp.local
3200000000000250,Ahmad Halim,082984979152,cust250.0250@lab.ecmp.local
3200000000000251,Budi Permata,084997745570,cust251.0251@lab.ecmp.local
3200000000000252,Citra Nasution,081523120426,cust252.0252@lab.ecmp.local
3200000000000253,Dewi Harahap,087046666756,cust253.0253@lab.ecmp.local
3200000000000254,Eko Situmorang,086680290624,cust254.0254@lab.ecmp.local
3200000000000255,Fitri Dalimunthe,087565327730,cust255.0255@lab.ecmp.local
3200000000000256,Galih Handayani,082093610715,cust256.0256@lab.ecmp.local
3200000000000257,Hana Rahman,088921737377,cust257.0257@lab.ecmp.local
3200000000000258,Indra Maulana,086724549409,cust258.0258@lab.ecmp.local
3200000000000259,Joko Astuti,084068591359,cust259.0259@lab.ecmp.local
3200000000000260,Kartika Susanto,081285005007,cust260.0260@lab.ecmp.local
3200000000000261,Lestari Santoso,088040110125,cust261.0261@lab.ecmp.local
3200000000000262,Maya Saputra,085268239474,cust262.0262@lab.ecmp.local
3200000000000263,Nanda Nugroho,085339351317,cust263.0263@lab.ecmp.local
3200000000000264,Oki Putri,087996747303,cust264.0264@lab.ecmp.local
3200000000000265,Putri Gunawan,086816449893,cust265.0265@lab.ecmp.local
3200000000000266,Rizky Mahendra,081829787088,cust266.0266@lab.ecmp.local
3200000000000267,Sari Syahputra,084232224606,cust267.0267@lab.ecmp.local
3200000000000268,Tono Siregar,087095959304,cust268.0268@lab.ecmp.local
3200000000000269,Umi Panggabean,083132392433,cust269.0269@lab.ecmp.local
3200000000000270,Vina Lubis,086922557916,cust270.0270@lab.ecmp.local
3200000000000271,Wawan Setiawan,082462404978,cust271.0271@lab.ecmp.local
3200000000000272,Yuni Utami,081198834214,cust272.0272@lab.ecmp.local
3200000000000273,Zaki Iskandar,082429004994,cust273.0273@lab.ecmp.local
3200000000000274,Agus Safitri,088335190828,cust274.0274@lab.ecmp.local
3200000000000275,Bayu Cahyono,086577080251,cust275.0275@lab.ecmp.local
3200000000000276,Cahya Pratama,086922906985,cust276.0276@lab.ecmp.local
3200000000000277,Dian Kusuma,087924891875,cust277.0277@lab.ecmp.local
3200000000000278,Endah Rahayu,086954402611,cust278.0278@lab.ecmp.local
3200000000000279,Fajar Putra,086879004045,cust279.0279@lab.ecmp.local
3200000000000280,Gina Wibowo,081935661579,cust280.0280@lab.ecmp.local
3200000000000281,Hendra Firmansyah,083679687110,cust281.0281@lab.ecmp.local
3200000000000282,Intan Anggraini,084822224654,cust282.0282@lab.ecmp.local
3200000000000283,Jihan Simanjuntak,083190235805,cust283.0283@lab.ecmp.local
3200000000000284,Kurnia Manurung,088451539545,cust284.0284@lab.ecmp.local
3200000000000285,Lina Hutagalung,085726874609,cust285.0285@lab.ecmp.local
3200000000000286,Mira Kurniawan,083113531205,cust286.0286@lab.ecmp.local
3200000000000287,Nur Purnomo,089383095560,cust287.0287@lab.ecmp.local
3200000000000288,Omar Fauzi,086846450654,cust288.0288@lab.ecmp.local
3200000000000289,Pras Ramadhan,083933687564,cust289.0289@lab.ecmp.local
3200000000000290,Rina Wulandari,089053608060,cust290.0290@lab.ecmp.local
3200000000000291,Sinta Hartono,087679394597,cust291.0291@lab.ecmp.local
3200000000000292,Tari Wijaya,084122342220,cust292.0292@lab.ecmp.local
3200000000000293,Usman Lestari,081322388753,cust293.0293@lab.ecmp.local
3200000000000294,Vera Hidayat,086310188159,cust294.0294@lab.ecmp.local
3200000000000295,Widi Sari,082865061349,cust295.0295@lab.ecmp.local
3200000000000296,Yusuf Halim,086123260873,cust296.0296@lab.ecmp.local
3200000000000297,Zahra Permata,087813277866,cust297.0297@lab.ecmp.local
3200000000000298,Andi Nasution,088653034795,cust298.0298@lab.ecmp.local
3200000000000299,Bagus Harahap,086899938540,cust299.0299@lab.ecmp.local
3200000000000300,Ahmad Situmorang,088085646426,cust300.0300@lab.ecmp.local
3200000000000301,Budi Dalimunthe,087483167153,cust301.0301@lab.ecmp.local
3200000000000302,Citra Handayani,088052962971,cust302.0302@lab.ecmp.local
3200000000000303,Dewi Rahman,085761649239,cust303.0303@lab.ecmp.local
3200000000000304,Eko Maulana,084342743141,cust304.0304@lab.ecmp.local
3200000000000305,Fitri Astuti,086338797387,cust305.0305@lab.ecmp.local
3200000000000306,Galih Susanto,081295983411,cust306.0306@lab.ecmp.local
3200000000000307,Hana Santoso,082257602146,cust307.0307@lab.ecmp.local
3200000000000308,Indra Saputra,082522229721,cust308.0308@lab.ecmp.local
3200000000000309,Joko Nugroho,083229469158,cust309.0309@lab.ecmp.local
3200000000000310,Kartika Putri,086129710674,cust310.0310@lab.ecmp.local
3200000000000311,Lestari Gunawan,082782166457,cust311.0311@lab.ecmp.local
3200000000000312,Maya Mahendra,082032803953,cust312.0312@lab.ecmp.local
3200000000000313,Nanda Syahputra,087592925210,cust313.0313@lab.ecmp.local
3200000000000314,Oki Siregar,083231709415,cust314.0314@lab.ecmp.local
3200000000000315,Putri Panggabean,084054037765,cust315.0315@lab.ecmp.local
3200000000000316,Rizky Lubis,087782267839,cust316.0316@lab.ecmp.local
3200000000000317,Sari Setiawan,086666044735,cust317.0317@lab.ecmp.local
3200000000000318,Tono Utami,081374014124,cust318.0318@lab.ecmp.local
3200000000000319,Umi Iskandar,087898092101,cust319.0319@lab.ecmp.local
3200000000000320,Vina Safitri,082335578908,cust320.0320@lab.ecmp.local
3200000000000321,Wawan Cahyono,081398170599,cust321.0321@lab.ecmp.local
3200000000000322,Yuni Pratama,088650980791,cust322.0322@lab.ecmp.local
3200000000000323,Zaki Kusuma,082935134383,cust323.0323@lab.ecmp.local
3200000000000324,Agus Rahayu,083074272303,cust324.0324@lab.ecmp.local
3200000000000325,Bayu Putra,087965717430,cust325.0325@lab.ecmp.local
3200000000000326,Cahya Wibowo,083643358692,cust326.0326@lab.ecmp.local
3200000000000327,Dian Firmansyah,082740286654,cust327.0327@lab.ecmp.local
3200000000000328,Endah Anggraini,089726717039,cust328.0328@lab.ecmp.local
3200000000000329,Fajar Simanjuntak,087769754453,cust329.0329@lab.ecmp.local
3200000000000330,Gina Manurung,082059258783,cust330.0330@lab.ecmp.local
3200000000000331,Hendra Hutagalung,082499832232,cust331.0331@lab.ecmp.local
3200000000000332,Intan Kurniawan,083510268568,cust332.0332@lab.ecmp.local
3200000000000333,Jihan Purnomo,084714350722,cust333.0333@lab.ecmp.local
3200000000000334,Kurnia Fauzi,081240048837,cust334.0334@lab.ecmp.local
3200000000000335,Lina Ramadhan,081193686026,cust335.0335@lab.ecmp.local
3200000000000336,Mira Wulandari,085669991145,cust336.0336@lab.ecmp.local
3200000000000337,Nur Hartono,081886443425,cust337.0337@lab.ecmp.local
3200000000000338,Omar Wijaya,088334838694,cust338.0338@lab.ecmp.local
3200000000000339,Pras Lestari,082436817309,cust339.0339@lab.ecmp.local
3200000000000340,Rina Hidayat,089735596080,cust340.0340@lab.ecmp.local
3200000000000341,Sinta Sari,087690163529,cust341.0341@lab.ecmp.local
3200000000000342,Tari Halim,081526606769,cust342.0342@lab.ecmp.local
3200000000000343,Usman Permata,085286064471,cust343.0343@lab.ecmp.local
3200000000000344,Vera Nasution,081364586534,cust344.0344@lab.ecmp.local
3200000000000345,Widi Harahap,081171564520,cust345.0345@lab.ecmp.local
3200000000000346,Yusuf Situmorang,082850122612,cust346.0346@lab.ecmp.local
3200000000000347,Zahra Dalimunthe,086054832776,cust347.0347@lab.ecmp.local
3200000000000348,Andi Handayani,083822416443,cust348.0348@lab.ecmp.local
3200000000000349,Bagus Rahman,087793086280,cust349.0349@lab.ecmp.local
3200000000000350,Ahmad Maulana,085444151065,cust350.0350@lab.ecmp.local
3200000000000351,Budi Astuti,085619863048,cust351.0351@lab.ecmp.local
3200000000000352,Citra Susanto,082997990896,cust352.0352@lab.ecmp.local
3200000000000353,Dewi Santoso,087132291661,cust353.0353@lab.ecmp.local
3200000000000354,Eko Saputra,088066763575,cust354.0354@lab.ecmp.local
3200000000000355,Fitri Nugroho,089977573580,cust355.0355@lab.ecmp.local
3200000000000356,Galih Putri,086168628070,cust356.0356@lab.ecmp.local
3200000000000357,Hana Gunawan,083392973963,cust357.0357@lab.ecmp.local
3200000000000358,Indra Mahendra,089690671463,cust358.0358@lab.ecmp.local
3200000000000359,Joko Syahputra,087912877578,cust359.0359@lab.ecmp.local
3200000000000360,Kartika Siregar,085730663815,cust360.0360@lab.ecmp.local
3200000000000361,Lestari Panggabean,084572282798,cust361.0361@lab.ecmp.local
3200000000000362,Maya Lubis,088931137419,cust362.0362@lab.ecmp.local
3200000000000363,Nanda Setiawan,086273952749,cust363.0363@lab.ecmp.local
3200000000000364,Oki Utami,088514016550,cust364.0364@lab.ecmp.local
3200000000000365,Putri Iskandar,089694806958,cust365.0365@lab.ecmp.local
3200000000000366,Rizky Safitri,089450301982,cust366.0366@lab.ecmp.local
3200000000000367,Sari Cahyono,085344620387,cust367.0367@lab.ecmp.local
3200000000000368,Tono Pratama,089464587716,cust368.0368@lab.ecmp.local
3200000000000369,Umi Kusuma,089492954759,cust369.0369@lab.ecmp.local
3200000000000370,Vina Rahayu,084267439584,cust370.0370@lab.ecmp.local
3200000000000371,Wawan Putra,083770909906,cust371.0371@lab.ecmp.local
3200000000000372,Yuni Wibowo,088942413121,cust372.0372@lab.ecmp.local
3200000000000373,Zaki Firmansyah,084676585470,cust373.0373@lab.ecmp.local
3200000000000374,Agus Anggraini,084959753531,cust374.0374@lab.ecmp.local
3200000000000375,Bayu Simanjuntak,088663709770,cust375.0375@lab.ecmp.local
3200000000000376,Cahya Manurung,083528503391,cust376.0376@lab.ecmp.local
3200000000000377,Dian Hutagalung,081866789248,cust377.0377@lab.ecmp.local
3200000000000378,Endah Kurniawan,085794971767,cust378.0378@lab.ecmp.local
3200000000000379,Fajar Purnomo,081261779296,cust379.0379@lab.ecmp.local
3200000000000380,Gina Fauzi,086895468982,cust380.0380@lab.ecmp.local
3200000000000381,Hendra Ramadhan,082612043678,cust381.0381@lab.ecmp.local
3200000000000382,Intan Wulandari,083920663197,cust382.0382@lab.ecmp.local
3200000000000383,Jihan Hartono,088896363154,cust383.0383@lab.ecmp.local
3200000000000384,Kurnia Wijaya,083941152047,cust384.0384@lab.ecmp.local
3200000000000385,Lina Lestari,086229709696,cust385.0385@lab.ecmp.local
3200000000000386,Mira Hidayat,083721623799,cust386.0386@lab.ecmp.local
3200000000000387,Nur Sari,089752100143,cust387.0387@lab.ecmp.local
3200000000000388,Omar Halim,088229327419,cust388.0388@lab.ecmp.local
3200000000000389,Pras Permata,083989915400,cust389.0389@lab.ecmp.local
3200000000000390,Rina Nasution,089993939286,cust390.0390@lab.ecmp.local
3200000000000391,Sinta Harahap,086143717884,cust391.0391@lab.ecmp.local
3200000000000392,Tari Situmorang,084153737983,cust392.0392@lab.ecmp.local
3200000000000393,Usman Dalimunthe,087163921845,cust393.0393@lab.ecmp.local
3200000000000394,Vera Handayani,083496014414,cust394.0394@lab.ecmp.local
3200000000000395,Widi Rahman,085592536775,cust395.0395@lab.ecmp.local
3200000000000396,Yusuf Maulana,085742086669,cust396.0396@lab.ecmp.local
3200000000000397,Zahra Astuti,081345017636,cust397.0397@lab.ecmp.local
3200000000000398,Andi Susanto,081142053850,cust398.0398@lab.ecmp.local
3200000000000399,Bagus Santoso,087068424653,cust399.0399@lab.ecmp.local
3200000000000400,Ahmad Saputra,086751266060,cust400.0400@lab.ecmp.local
3200000000000401,Budi Nugroho,086369963271,cust401.0401@lab.ecmp.local
3200000000000402,Citra Putri,088249416774,cust402.0402@lab.ecmp.local
3200000000000403,Dewi Gunawan,088948595623,cust403.0403@lab.ecmp.local
3200000000000404,Eko Mahendra,084221785456,cust404.0404@lab.ecmp.local
3200000000000405,Fitri Syahputra,089124965089,cust405.0405@lab.ecmp.local
3200000000000406,Galih Siregar,084669708323,cust406.0406@lab.ecmp.local
3200000000000407,Hana Panggabean,082111626700,cust407.0407@lab.ecmp.local
3200000000000408,Indra Lubis,086647674821,cust408.0408@lab.ecmp.local
3200000000000409,Joko Setiawan,085686179571,cust409.0409@lab.ecmp.local
3200000000000410,Kartika Utami,081190441515,cust410.0410@lab.ecmp.local
3200000000000411,Lestari Iskandar,088433305844,cust411.0411@lab.ecmp.local
3200000000000412,Maya Safitri,085474504504,cust412.0412@lab.ecmp.local
3200000000000413,Nanda Cahyono,081285308430,cust413.0413@lab.ecmp.local
3200000000000414,Oki Pratama,083514522963,cust414.0414@lab.ecmp.local
3200000000000415,Putri Kusuma,083522164276,cust415.0415@lab.ecmp.local
3200000000000416,Rizky Rahayu,085111423063,cust416.0416@lab.ecmp.local
3200000000000417,Sari Putra,081690497041,cust417.0417@lab.ecmp.local
3200000000000418,Tono Wibowo,082296663431,cust418.0418@lab.ecmp.local
3200000000000419,Umi Firmansyah,085652005094,cust419.0419@lab.ecmp.local
3200000000000420,Vina Anggraini,082331635122,cust420.0420@lab.ecmp.local
3200000000000421,Wawan Simanjuntak,086370966360,cust421.0421@lab.ecmp.local
3200000000000422,Yuni Manurung,084069200304,cust422.0422@lab.ecmp.local
3200000000000423,Zaki Hutagalung,085162257920,cust423.0423@lab.ecmp.local
3200000000000424,Agus Kurniawan,081368745646,cust424.0424@lab.ecmp.local
3200000000000425,Bayu Purnomo,085319813442,cust425.0425@lab.ecmp.local
3200000000000426,Cahya Fauzi,081870416798,cust426.0426@lab.ecmp.local
3200000000000427,Dian Ramadhan,085951431018,cust427.0427@lab.ecmp.local
3200000000000428,Endah Wulandari,084977351710,cust428.0428@lab.ecmp.local
3200000000000429,Fajar Hartono,085052161321,cust429.0429@lab.ecmp.local
3200000000000430,Gina Wijaya,084766649145,cust430.0430@lab.ecmp.local
3200000000000431,Hendra Lestari,084919059283,cust431.0431@lab.ecmp.local
3200000000000432,Intan Hidayat,087092003725,cust432.0432@lab.ecmp.local
3200000000000433,Jihan Sari,085745259839,cust433.0433@lab.ecmp.local
3200000000000434,Kurnia Halim,088412279198,cust434.0434@lab.ecmp.local
3200000000000435,Lina Permata,088110627412,cust435.0435@lab.ecmp.local
3200000000000436,Mira Nasution,083568772017,cust436.0436@lab.ecmp.local
3200000000000437,Nur Harahap,088670043576,cust437.0437@lab.ecmp.local
3200000000000438,Omar Situmorang,083630976254,cust438.0438@lab.ecmp.local
3200000000000439,Pras Dalimunthe,083245919229,cust439.0439@lab.ecmp.local
3200000000000440,Rina Handayani,089194768836,cust440.0440@lab.ecmp.local
3200000000000441,Sinta Rahman,088193087464,cust441.0441@lab.ecmp.local
3200000000000442,Tari Maulana,087464076220,cust442.0442@lab.ecmp.local
3200000000000443,Usman Astuti,085118586002,cust443.0443@lab.ecmp.local
3200000000000444,Vera Susanto,089326877290,cust444.0444@lab.ecmp.local
3200000000000445,Widi Santoso,087059235128,cust445.0445@lab.ecmp.local
3200000000000446,Yusuf Saputra,086449778455,cust446.0446@lab.ecmp.local
3200000000000447,Zahra Nugroho,088359379534,cust447.0447@lab.ecmp.local
3200000000000448,Andi Putri,083431823907,cust448.0448@lab.ecmp.local
3200000000000449,Bagus Gunawan,087797776336,cust449.0449@lab.ecmp.local
3200000000000450,Ahmad Mahendra,086888345190,cust450.0450@lab.ecmp.local
3200000000000451,Budi Syahputra,084414251692,cust451.0451@lab.ecmp.local
3200000000000452,Citra Siregar,082951484567,cust452.0452@lab.ecmp.local
3200000000000453,Dewi Panggabean,084745924933,cust453.0453@lab.ecmp.local
3200000000000454,Eko Lubis,084081638315,cust454.0454@lab.ecmp.local
3200000000000455,Fitri Setiawan,083124259555,cust455.0455@lab.ecmp.local
3200000000000456,Galih Utami,089318988025,cust456.0456@lab.ecmp.local
3200000000000457,Hana Iskandar,085337691258,cust457.0457@lab.ecmp.local
3200000000000458,Indra Safitri,087327519971,cust458.0458@lab.ecmp.local
3200000000000459,Joko Cahyono,089751046819,cust459.0459@lab.ecmp.local
3200000000000460,Kartika Pratama,084525930985,cust460.0460@lab.ecmp.local
3200000000000461,Lestari Kusuma,083531653124,cust461.0461@lab.ecmp.local
3200000000000462,Maya Rahayu,083265031011,cust462.0462@lab.ecmp.local
3200000000000463,Nanda Putra,084871371990,cust463.0463@lab.ecmp.local
3200000000000464,Oki Wibowo,082647194313,cust464.0464@lab.ecmp.local
3200000000000465,Putri Firmansyah,084540122356,cust465.0465@lab.ecmp.local
3200000000000466,Rizky Anggraini,083877345353,cust466.0466@lab.ecmp.local
3200000000000467,Sari Simanjuntak,081414376003,cust467.0467@lab.ecmp.local
3200000000000468,Tono Manurung,089951416804,cust468.0468@lab.ecmp.local
3200000000000469,Umi Hutagalung,083425518334,cust469.0469@lab.ecmp.local
3200000000000470,Vina Kurniawan,081571934527,cust470.0470@lab.ecmp.local
3200000000000471,Wawan Purnomo,086168036228,cust471.0471@lab.ecmp.local
3200000000000472,Yuni Fauzi,084310463481,cust472.0472@lab.ecmp.local
3200000000000473,Zaki Ramadhan,089198448974,cust473.0473@lab.ecmp.local
3200000000000474,Agus Wulandari,089529455675,cust474.0474@lab.ecmp.local
3200000000000475,Bayu Hartono,087563405773,cust475.0475@lab.ecmp.local
3200000000000476,Cahya Wijaya,087984078583,cust476.0476@lab.ecmp.local
3200000000000477,Dian Lestari,084091868492,cust477.0477@lab.ecmp.local
3200000000000478,Endah Hidayat,088174545357,cust478.0478@lab.ecmp.local
3200000000000479,Fajar Sari,083561313191,cust479.0479@lab.ecmp.local
3200000000000480,Gina Halim,083056630098,cust480.0480@lab.ecmp.local
3200000000000481,Hendra Permata,087129020943,cust481.0481@lab.ecmp.local
3200000000000482,Intan Nasution,082246081246,cust482.0482@lab.ecmp.local
3200000000000483,Jihan Harahap,081186905090,cust483.0483@lab.ecmp.local
3200000000000484,Kurnia Situmorang,082311123918,cust484.0484@lab.ecmp.local
3200000000000485,Lina Dalimunthe,083211878368,cust485.0485@lab.ecmp.local
3200000000000486,Mira Handayani,083544782234,cust486.0486@lab.ecmp.local
3200000000000487,Nur Rahman,084626827245,cust487.0487@lab.ecmp.local
3200000000000488,Omar Maulana,089170709135,cust488.0488@lab.ecmp.local
3200000000000489,Pras Astuti,087811206526,cust489.0489@lab.ecmp.local
3200000000000490,Rina Susanto,082457527422,cust490.0490@lab.ecmp.local
3200000000000491,Sinta Santoso,087013353060,cust491.0491@lab.ecmp.local
3200000000000492,Tari Saputra,088716102064,cust492.0492@lab.ecmp.local
3200000000000493,Usman Nugroho,086224873180,cust493.0493@lab.ecmp.local
3200000000000494,Vera Putri,086171098654,cust494.0494@lab.ecmp.local
3200000000000495,Widi Gunawan,084713634982,cust495.0495@lab.ecmp.local
3200000000000496,Yusuf Mahendra,088833187050,cust496.0496@lab.ecmp.local
3200000000000497,Zahra Syahputra,087514167365,cust497.0497@lab.ecmp.local
3200000000000498,Andi Siregar,082884862187,cust498.0498@lab.ecmp.local
3200000000000499,Bagus Panggabean,088910259272,cust499.0499@lab.ecmp.local
3200000000000500,Ahmad Lubis,081379528389,cust500.0500@lab.ecmp.local
