username,display_name,email,external_user_id,home_branch_code,home_branch_name,region,registration_status,cohort,notes,candidate_id
3101,Ahmad Santoso,3100000000000001@lab.ecmp.local,3100000000000001,UPPPD-TANAH-ABANG,UPPPD Tanah Abang,Jakarta Pusat,PENDING,DIRECTORY_POOL,Calon identitas pusat — BELUM anggota modul. Peran ditentukan admin saat mendaftarkan.,0033859a-6575-5cfd-b6e3-9e2e787b49d8
3102,Dewi Hidayat,3100000000000002@lab.ecmp.local,3100000000000002,UPPPD-TANAH-ABANG,UPPPD Tanah Abang,Jakarta Pusat,PENDING,DIRECTORY_POOL,Calon identitas pusat — BELUM anggota modul. Peran ditentukan admin saat mendaftarkan.,35200542-b195-512a-badd-d820fcf33b2b
3103,Galih Firmansyah,3100000000000003@lab.ecmp.local,3100000000000003,UPPPD-TANAH-ABANG,UPPPD Tanah Abang,Jakarta Pusat,PENDING,DIRECTORY_POOL,Calon identitas pusat — BELUM anggota modul. Peran ditentukan admin saat mendaftarkan.,6a702b3f-b51f-51ac-b269-3cd709773134
3104,Joko Siregar,3100000000000004@lab.ecmp.local,3100000000000004,UPPPD-TANAH-ABANG,UPPPD Tanah Abang,Jakarta Pusat,PENDING,DIRECTORY_POOL,Calon identitas pusat — BELUM anggota modul. Peran ditentukan admin saat mendaftarkan.,84239020-8e16-53ca-81c7-2604a6f05a57
3105,Maya Dalimunthe,3100000000000005@lab.ecmp.local,3100000000000005,UPPPD-GAMBIR,UPPPD Gambir,Jakarta Pusat,PENDING,DIRECTORY_POOL,Calon identitas pusat — BELUM anggota modul. Peran ditentukan admin saat mendaftarkan.,f1ab5c1a-9a4b-5479-accf-7b39a72f5c7b
3106,Putri Ramadhan,3100000000000006@lab.ecmp.local,3100000000000006,UPPPD-GAMBIR,UPPPD Gambir,Jakarta Pusat,PENDING,DIRECTORY_POOL,Calon identitas pusat — BELUM anggota modul. Peran ditentukan admin saat mendaftarkan.,ee9596d6-c1e0-5d77-9817-dd31e0c99c14
3107,Tono Kusuma,3100000000000007@lab.ecmp.local,3100000000000007,UPPPD-GAMBIR,UPPPD Gambir,Jakarta Pusat,PENDING,DIRECTORY_POOL,Calon identitas pusat — BELUM anggota modul. Peran ditentukan admin saat mendaftarkan.,71c33c88-5d4d-5169-b440-60f421cfc3f4
3108,Wawan Putri,3100000000000008@lab.ecmp.local,3100000000000008,UPPPD-GAMBIR,UPPPD Gambir,Jakarta Pusat,PENDING,DIRECTORY_POOL,Calon identitas pusat — BELUM anggota modul. Peran ditentukan admin saat mendaftarkan.,b7bb4826-645f-5623-88eb-34057df726b2
3109,Agus Permata,3100000000000009@lab.ecmp.local,3100000000000009,UPPPD-SAWAH-BESAR,UPPPD Sawah Besar,Jakarta Pusat,PENDING,DIRECTORY_POOL,Calon identitas pusat — BELUM anggota modul. Peran ditentukan admin saat mendaftarkan.,fc59816e-04ab-578f-b143-629042bb84a3
3110,Fajar Manurung,3100000000000010@lab.ecmp.local,3100000000000010,UPPPD-SAWAH-BESAR,UPPPD Sawah Besar,Jakarta Pusat,PENDING,DIRECTORY_POOL,Calon identitas pusat — BELUM anggota modul. Peran ditentukan admin saat mendaftarkan.,fa78f94e-b20e-518b-b838-32d5d71b5972
3111,Intan Kurniawan,3100000000000011@lab.ecmp.local,3100000000000011,UPPPD-SAWAH-BESAR,UPPPD Sawah Besar,Jakarta Pusat,PENDING,DIRECTORY_POOL,Calon identitas pusat — BELUM anggota modul. Peran ditentukan admin saat mendaftarkan.,0b31b57d-c0d5-5c65-8ff4-a1db21552e42
3112,Lukman Prasetya,3100000000000012@lab.ecmp.local,3100000000000012,UPPPD-SAWAH-BESAR,UPPPD Sawah Besar,Jakarta Pusat,PENDING,DIRECTORY_POOL,Calon identitas pusat — BELUM anggota modul. Peran ditentukan admin saat mendaftarkan.,66c18a28-64a8-511c-a880-8f202870315b
3113,Prasetyo Lestari,3100000000000013@lab.ecmp.local,3100000000000013,UPPPD-KEMAYORAN,UPPPD Kemayoran,Jakarta Pusat,PENDING,DIRECTORY_POOL,Calon identitas pusat — BELUM anggota modul. Peran ditentukan admin saat mendaftarkan.,2552db3a-de4d-5c78-ba8a-d860c0ec80f7
3114,Tari Wibowo,3100000000000014@lab.ecmp.local,3100000000000014,UPPPD-KEMAYORAN,UPPPD Kemayoran,Jakarta Pusat,PENDING,DIRECTORY_POOL,Calon identitas pusat — BELUM anggota modul. Peran ditentukan admin saat mendaftarkan.,15cbc97f-bbd4-5552-9a0e-6ccaf2d16afa
3115,Citra Syahputra,3100000000000015@lab.ecmp.local,3100000000000015,UPPPD-KEMAYORAN,UPPPD Kemayoran,Jakarta Pusat,PENDING,DIRECTORY_POOL,Calon identitas pusat — BELUM anggota modul. Peran ditentukan admin saat mendaftarkan.,d40d7365-a292-521e-a77c-aaaf90b65176
3116,Fitri Situmorang,3100000000000016@lab.ecmp.local,3100000000000016,UPPPD-KEMAYORAN,UPPPD Kemayoran,Jakarta Pusat,PENDING,DIRECTORY_POOL,Calon identitas pusat — BELUM anggota modul. Peran ditentukan admin saat mendaftarkan.,27d8c3a4-00e3-56e5-8305-e0064dfc74c9
3117,Indra Handayani,3100000000000017@lab.ecmp.local,3100000000000017,UPPPD-SENEN,UPPPD Senen,Jakarta Pusat,PENDING,DIRECTORY_POOL,Calon identitas pusat — BELUM anggota modul. Peran ditentukan admin saat mendaftarkan.,ed93f5c8-af98-55d7-b081-76bc8a385bec
3118,Lestari Susanti,3100000000000018@lab.ecmp.local,3100000000000018,UPPPD-SENEN,UPPPD Senen,Jakarta Pusat,PENDING,DIRECTORY_POOL,Calon identitas pusat — BELUM anggota modul. Peran ditentukan admin saat mendaftarkan.,46b24778-52d0-562b-807e-da13480bc561
3119,Oki Nugroho,3100000000000019@lab.ecmp.local,3100000000000019,UPPPD-SENEN,UPPPD Senen,Jakarta Pusat,PENDING,DIRECTORY_POOL,Calon identitas pusat — BELUM anggota modul. Peran ditentukan admin saat mendaftarkan.,4f334546-559d-53ab-8e91-765e021c4818
3120,Sari Halim,3100000000000020@lab.ecmp.local,3100000000000020,UPPPD-SENEN,UPPPD Senen,Jakarta Pusat,PENDING,DIRECTORY_POOL,Calon identitas pusat — BELUM anggota modul. Peran ditentukan admin saat mendaftarkan.,f499be85-529e-55cd-8c58-04df22ad0322
3121,Vina Simanjuntak,3100000000000021@lab.ecmp.local,3100000000000021,UPPPD-CEMPAKA-PUTIH,UPPPD Cempaka Putih,Jakarta Pusat,PENDING,DIRECTORY_POOL,Calon identitas pusat — BELUM anggota modul. Peran ditentukan admin saat mendaftarkan.,e1f60f3c-d5e2-55b5-a2b7-5914e50e92e6
3122,Zaki Lubis,3100000000000022@lab.ecmp.local,3100000000000022,UPPPD-CEMPAKA-PUTIH,UPPPD Cempaka Putih,Jakarta Pusat,PENDING,DIRECTORY_POOL,Calon identitas pusat — BELUM anggota modul. Peran ditentukan admin saat mendaftarkan.,ecc2fb22-86de-5060-85e3-2b1024825b80
3123,Dian Maulana,3100000000000023@lab.ecmp.local,3100000000000023,UPPPD-CEMPAKA-PUTIH,UPPPD Cempaka Putih,Jakarta Pusat,PENDING,DIRECTORY_POOL,Calon identitas pusat — BELUM anggota modul. Peran ditentukan admin saat mendaftarkan.,99aec160-84f6-5c6b-957a-f1de76121e9f
3124,Hendra Wijaya,3100000000000024@lab.ecmp.local,3100000000000024,UPPPD-CEMPAKA-PUTIH,UPPPD Cempaka Putih,Jakarta Pusat,PENDING,DIRECTORY_POOL,Calon identitas pusat — BELUM anggota modul. Peran ditentukan admin saat mendaftarkan.,9ce855bd-8f94-574f-aa8c-e29492c4b4e1
3125,Kirana Putra,3100000000000025@lab.ecmp.local,3100000000000025,UPPPD-MENTENG,UPPPD Menteng,Jakarta Pusat,PENDING,DIRECTORY_POOL,Calon identitas pusat — BELUM anggota modul. Peran ditentukan admin saat mendaftarkan.,553bfd4a-d576-5a9d-a2f2-afc5c8aa3c8a
3126,Nurul Mahendra,3100000000000026@lab.ecmp.local,3100000000000026,UPPPD-MENTENG,UPPPD Menteng,Jakarta Pusat,PENDING,DIRECTORY_POOL,Calon identitas pusat — BELUM anggota modul. Peran ditentukan admin saat mendaftarkan.,f505f66b-00b7-5b9f-912b-31028275359a
3127,Surya Harahap,3100000000000027@lab.ecmp.local,3100000000000027,UPPPD-MENTENG,UPPPD Menteng,Jakarta Pusat,PENDING,DIRECTORY_POOL,Calon identitas pusat — BELUM anggota modul. Peran ditentukan admin saat mendaftarkan.,371f8535-07c0-5c0d-83fb-bdd17329785c
3128,Budi Pratama,3100000000000028@lab.ecmp.local,3100000000000028,UPPPD-MENTENG,UPPPD Menteng,Jakarta Pusat,PENDING,DIRECTORY_POOL,Calon identitas pusat — BELUM anggota modul. Peran ditentukan admin saat mendaftarkan.,ec2217ea-b070-590b-b44a-c2bbe6656cc0
3129,Eko Oktaviani,3100000000000029@lab.ecmp.local,3100000000000029,UPPPD-JOHAR-BARU,UPPPD Johar Baru,Jakarta Pusat,PENDING,DIRECTORY_POOL,Calon identitas pusat — BELUM anggota modul. Peran ditentukan admin saat mendaftarkan.,11e90238-a143-51ad-847e-a6990f74caf6
3130,Hana Saputra,3100000000000030@lab.ecmp.local,3100000000000030,UPPPD-JOHAR-BARU,UPPPD Johar Baru,Jakarta Pusat,PENDING,DIRECTORY_POOL,Calon identitas pusat — BELUM anggota modul. Peran ditentukan admin saat mendaftarkan.,0ddc54f7-a2af-51bf-8ffa-02694c6889de
3131,Kartika Sari,3100000000000031@lab.ecmp.local,3100000000000031,UPPPD-JOHAR-BARU,UPPPD Johar Baru,Jakarta Pusat,PENDING,DIRECTORY_POOL,Calon identitas pusat — BELUM anggota modul. Peran ditentukan admin saat mendaftarkan.,4dac1f13-689d-5eb1-acf0-29c4855e6149
3132,Nanda Anggraini,3100000000000032@lab.ecmp.local,3100000000000032,UPPPD-JOHAR-BARU,UPPPD Johar Baru,Jakarta Pusat,PENDING,DIRECTORY_POOL,Calon identitas pusat — BELUM anggota modul. Peran ditentukan admin saat mendaftarkan.,fb4ba3c9-448b-5f9c-99a7-06a5be8a3f5b
3133,Rudi Panggabean,3100000000000033@lab.ecmp.local,3100000000000033,UPPPD-PENJARINGAN,UPPPD Penjaringan,Jakarta Utara,PENDING,DIRECTORY_POOL,Calon identitas pusat — BELUM anggota modul. Peran ditentukan admin saat mendaftarkan.,f8080acb-47ce-5f7b-924c-9bee75f0ede1
3134,Umi Setiawan,3100000000000034@lab.ecmp.local,3100000000000034,UPPPD-PENJARINGAN,UPPPD Penjaringan,Jakarta Utara,PENDING,DIRECTORY_POOL,Calon identitas pusat — BELUM anggota modul. Peran ditentukan admin saat mendaftarkan.,c2af6648-de01-5741-827e-3b7491cd581b
3135,Yuni Cahyadi,3100000000000035@lab.ecmp.local,3100000000000035,UPPPD-PENJARINGAN,UPPPD Penjaringan,Jakarta Utara,PENDING,DIRECTORY_POOL,Calon identitas pusat — BELUM anggota modul. Peran ditentukan admin saat mendaftarkan.,3278768c-a11e-5ffc-bda5-bda4e7cc59b6
3136,Bayu Rahayu,3100000000000036@lab.ecmp.local,3100000000000036,UPPPD-PENJARINGAN,UPPPD Penjaringan,Jakarta Utara,PENDING,DIRECTORY_POOL,Calon identitas pusat — BELUM anggota modul. Peran ditentukan admin saat mendaftarkan.,328d5093-80bd-58b6-9eba-21a032b3bf53
3137,Gilang Gunawan,3100000000000037@lab.ecmp.local,3100000000000037,UPPPD-PADEMANGAN,UPPPD Pademangan,Jakarta Utara,PENDING,DIRECTORY_POOL,Calon identitas pusat — BELUM anggota modul. Peran ditentukan admin saat mendaftarkan.,417fa239-ffc4-5f78-b29a-b7bb88700809
3138,Jihan Nasution,3100000000000038@lab.ecmp.local,3100000000000038,UPPPD-PADEMANGAN,UPPPD Pademangan,Jakarta Utara,PENDING,DIRECTORY_POOL,Calon identitas pusat — BELUM anggota modul. Peran ditentukan admin saat mendaftarkan.,64da877a-0aa6-5ca6-8b20-e720ffae4e02
3139,Mega Hutagalung,3100000000000039@lab.ecmp.local,3100000000000039,UPPPD-PADEMANGAN,UPPPD Pademangan,Jakarta Utara,PENDING,DIRECTORY_POOL,Calon identitas pusat — BELUM anggota modul. Peran ditentukan admin saat mendaftarkan.,aca908d7-b2a6-539f-9ae5-da72a7be7ab0
3140,Rina Safitri,3100000000000040@lab.ecmp.local,3100000000000040,UPPPD-PADEMANGAN,UPPPD Pademangan,Jakarta Utara,PENDING,DIRECTORY_POOL,Calon identitas pusat — BELUM anggota modul. Peran ditentukan admin saat mendaftarkan.,d66cbc6e-a954-5293-a782-d169bd3f2e40
3141,Budi Rahayu,3100000000000041@lab.ecmp.local,3100000000000041,UPPPD-TANJUNG-PRIOK,UPPPD Tanjung Priok,Jakarta Utara,PENDING,DIRECTORY_POOL,Calon identitas pusat — BELUM anggota modul. Peran ditentukan admin saat mendaftarkan.,f0dd9916-84cd-5ebd-8067-c59ef527e9a1
3142,Eko Gunawan,3100000000000042@lab.ecmp.local,3100000000000042,UPPPD-TANJUNG-PRIOK,UPPPD Tanjung Priok,Jakarta Utara,PENDING,DIRECTORY_POOL,Calon identitas pusat — BELUM anggota modul. Peran ditentukan admin saat mendaftarkan.,138daade-51a0-5363-90c9-2f1d5536a4bf
3143,Hana Nasution,3100000000000043@lab.ecmp.local,3100000000000043,UPPPD-TANJUNG-PRIOK,UPPPD Tanjung Priok,Jakarta Utara,PENDING,DIRECTORY_POOL,Calon identitas pusat — BELUM anggota modul. Peran ditentukan admin saat mendaftarkan.,1c9171d5-8db9-538a-969b-431521cda54a
3144,Kartika Hutagalung,3100000000000044@lab.ecmp.local,3100000000000044,UPPPD-TANJUNG-PRIOK,UPPPD Tanjung Priok,Jakarta Utara,PENDING,DIRECTORY_POOL,Calon identitas pusat — BELUM anggota modul. Peran ditentukan admin saat mendaftarkan.,a642240d-0c48-5009-903f-89a2bb28fdb3
3145,Nanda Safitri,3100000000000045@lab.ecmp.local,3100000000000045,UPPPD-KOJA,UPPPD Koja,Jakarta Utara,PENDING,DIRECTORY_POOL,Calon identitas pusat — BELUM anggota modul. Peran ditentukan admin saat mendaftarkan.,99e996ab-42b3-558e-b854-232bb24d634e
3146,Rudi Santoso,3100000000000046@lab.ecmp.local,3100000000000046,UPPPD-KOJA,UPPPD Koja,Jakarta Utara,PENDING,DIRECTORY_POOL,Calon identitas pusat — BELUM anggota modul. Peran ditentukan admin saat mendaftarkan.,0e1f0237-3bcc-52f7-b03c-bfd0f98f2a98
3147,Umi Hidayat,3100000000000047@lab.ecmp.local,3100000000000047,UPPPD-KOJA,UPPPD Koja,Jakarta Utara,PENDING,DIRECTORY_POOL,Calon identitas pusat — BELUM anggota modul. Peran ditentukan admin saat mendaftarkan.,13ec74ae-ed4a-5635-a7d6-86c9f2c19753
3148,Yuni Firmansyah,3100000000000048@lab.ecmp.local,3100000000000048,UPPPD-KOJA,UPPPD Koja,Jakarta Utara,PENDING,DIRECTORY_POOL,Calon identitas pusat — BELUM anggota modul. Peran ditentukan admin saat mendaftarkan.,cc432b33-8ac5-5b02-893a-b7124da15136
3149,Bayu Siregar,3100000000000049@lab.ecmp.local,3100000000000049,UPPPD-KELAPA-GADING,UPPPD Kelapa Gading,Jakarta Utara,PENDING,DIRECTORY_POOL,Calon identitas pusat — BELUM anggota modul. Peran ditentukan admin saat mendaftarkan.,a77b737f-f7a3-5b53-aa4e-ed6ca50ced64
3150,Gilang Dalimunthe,3100000000000050@lab.ecmp.local,3100000000000050,UPPPD-KELAPA-GADING,UPPPD Kelapa Gading,Jakarta Utara,PENDING,DIRECTORY_POOL,Calon identitas pusat — BELUM anggota modul. Peran ditentukan admin saat mendaftarkan.,107054fd-d7fd-5f15-af8d-dd15f20bcc35
3151,Jihan Ramadhan,3100000000000051@lab.ecmp.local,3100000000000051,UPPPD-KELAPA-GADING,UPPPD Kelapa Gading,Jakarta Utara,PENDING,DIRECTORY_POOL,Calon identitas pusat — BELUM anggota modul. Peran ditentukan admin saat mendaftarkan.,051c8a46-1aef-5eb6-8029-19a81e67d922
3152,Mega Kusuma,3100000000000052@lab.ecmp.local,3100000000000052,UPPPD-KELAPA-GADING,UPPPD Kelapa Gading,Jakarta Utara,PENDING,DIRECTORY_POOL,Calon identitas pusat — BELUM anggota modul. Peran ditentukan admin saat mendaftarkan.,546a4ef8-b2f3-57ef-bcd1-d3d1a37e7e35
3153,Rina Putri,3100000000000053@lab.ecmp.local,3100000000000053,UPPPD-CILINCING,UPPPD Cilincing,Jakarta Utara,PENDING,DIRECTORY_POOL,Calon identitas pusat — BELUM anggota modul. Peran ditentukan admin saat mendaftarkan.,98a424a2-c404-5dae-bc14-a7b42ae55e93
3154,Ahmad Permata,3100000000000054@lab.ecmp.local,3100000000000054,UPPPD-CILINCING,UPPPD Cilincing,Jakarta Utara,PENDING,DIRECTORY_POOL,Calon identitas pusat — BELUM anggota modul. Peran ditentukan admin saat mendaftarkan.,0b1f716c-db01-55da-97f8-3ba80491cc77
3155,Dewi Manurung,3100000000000055@lab.ecmp.local,3100000000000055,UPPPD-CILINCING,UPPPD Cilincing,Jakarta Utara,PENDING,DIRECTORY_POOL,Calon identitas pusat — BELUM anggota modul. Peran ditentukan admin saat mendaftarkan.,9c6b46c4-cdc7-52e8-bc3b-8ce2eae1cc34
3156,Galih Kurniawan,3100000000000056@lab.ecmp.local,3100000000000056,UPPPD-CILINCING,UPPPD Cilincing,Jakarta Utara,PENDING,DIRECTORY_POOL,Calon identitas pusat — BELUM anggota modul. Peran ditentukan admin saat mendaftarkan.,5fb040e1-8a96-58a4-8fd9-3af4e3497e3b
3157,Joko Prasetya,3100000000000057@lab.ecmp.local,3100000000000057,UPPPD-GROGOL-PETAMBURAN,UPPPD Grogol Petamburan,Jakarta Barat,PENDING,DIRECTORY_POOL,Calon identitas pusat — BELUM anggota modul. Peran ditentukan admin saat mendaftarkan.,6727a098-afd8-5312-93fe-640bd1ee8170
3158,Maya Lestari,3100000000000058@lab.ecmp.local,3100000000000058,UPPPD-GROGOL-PETAMBURAN,UPPPD Grogol Petamburan,Jakarta Barat,PENDING,DIRECTORY_POOL,Calon identitas pusat — BELUM anggota modul. Peran ditentukan admin saat mendaftarkan.,09a79956-ac49-5160-ad6e-7987665f64d3
3159,Putri Wibowo,3100000000000059@lab.ecmp.local,3100000000000059,UPPPD-GROGOL-PETAMBURAN,UPPPD Grogol Petamburan,Jakarta Barat,PENDING,DIRECTORY_POOL,Calon identitas pusat — BELUM anggota modul. Peran ditentukan admin saat mendaftarkan.,77f8f450-f25f-591e-a191-b682f32b73e4
3160,Tono Syahputra,3100000000000060@lab.ecmp.local,3100000000000060,UPPPD-GROGOL-PETAMBURAN,UPPPD Grogol Petamburan,Jakarta Barat,PENDING,DIRECTORY_POOL,Calon identitas pusat — BELUM anggota modul. Peran ditentukan admin saat mendaftarkan.,4602f310-4b05-5608-b94a-7e3b1320e3b0
3161,Wawan Situmorang,3100000000000061@lab.ecmp.local,3100000000000061,UPPPD-TAMAN-SARI,UPPPD Taman Sari,Jakarta Barat,PENDING,DIRECTORY_POOL,Calon identitas pusat — BELUM anggota modul. Peran ditentukan admin saat mendaftarkan.,4c5aac40-0b44-53e0-bdfc-1d913ab52480
3162,Agus Handayani,3100000000000062@lab.ecmp.local,3100000000000062,UPPPD-TAMAN-SARI,UPPPD Taman Sari,Jakarta Barat,PENDING,DIRECTORY_POOL,Calon identitas pusat — BELUM anggota modul. Peran ditentukan admin saat mendaftarkan.,b57e3025-5e52-5025-bb3a-8a918d168a74
3163,Fajar Susanti,3100000000000063@lab.ecmp.local,3100000000000063,UPPPD-TAMAN-SARI,UPPPD Taman Sari,Jakarta Barat,PENDING,DIRECTORY_POOL,Calon identitas pusat — BELUM anggota modul. Peran ditentukan admin saat mendaftarkan.,03fcfe4d-7bbd-5a9b-b99e-0406b515a145
3164,Intan Nugroho,3100000000000064@lab.ecmp.local,3100000000000064,UPPPD-TAMAN-SARI,UPPPD Taman Sari,Jakarta Barat,PENDING,DIRECTORY_POOL,Calon identitas pusat — BELUM anggota modul. Peran ditentukan admin saat mendaftarkan.,e979eb88-375b-5568-a243-c9f56d64185a
3165,Lukman Halim,3100000000000065@lab.ecmp.local,3100000000000065,UPPPD-TAMBORA,UPPPD Tambora,Jakarta Barat,PENDING,DIRECTORY_POOL,Calon identitas pusat — BELUM anggota modul. Peran ditentukan admin saat mendaftarkan.,f64e18a5-c614-5cc1-ab70-72257d15039c
3166,Prasetyo Simanjuntak,3100000000000066@lab.ecmp.local,3100000000000066,UPPPD-TAMBORA,UPPPD Tambora,Jakarta Barat,PENDING,DIRECTORY_POOL,Calon identitas pusat — BELUM anggota modul. Peran ditentukan admin saat mendaftarkan.,59027a07-a537-5090-bfa6-d9563a3dd787
3167,Tari Lubis,3100000000000067@lab.ecmp.local,3100000000000067,UPPPD-TAMBORA,UPPPD Tambora,Jakarta Barat,PENDING,DIRECTORY_POOL,Calon identitas pusat — BELUM anggota modul. Peran ditentukan admin saat mendaftarkan.,4837ab73-1d6e-586b-b48b-f8fbb5444710
3168,Citra Maulana,3100000000000068@lab.ecmp.local,3100000000000068,UPPPD-TAMBORA,UPPPD Tambora,Jakarta Barat,PENDING,DIRECTORY_POOL,Calon identitas pusat — BELUM anggota modul. Peran ditentukan admin saat mendaftarkan.,ff4f7efe-a676-51b4-b0b8-bd5e9bc8fe9c
3169,Fitri Wijaya,3100000000000069@lab.ecmp.local,3100000000000069,UPPPD-KEBON-JERUK,UPPPD Kebon Jeruk,Jakarta Barat,PENDING,DIRECTORY_POOL,Calon identitas pusat — BELUM anggota modul. Peran ditentukan admin saat mendaftarkan.,e80ff74f-73dd-54da-b426-4b4abf98a0ab
3170,Indra Putra,3100000000000070@lab.ecmp.local,3100000000000070,UPPPD-KEBON-JERUK,UPPPD Kebon Jeruk,Jakarta Barat,PENDING,DIRECTORY_POOL,Calon identitas pusat — BELUM anggota modul. Peran ditentukan admin saat mendaftarkan.,0d6c323d-9d92-5ac7-8ddc-bb86b4671f8e
3171,Lestari Mahendra,3100000000000071@lab.ecmp.local,3100000000000071,UPPPD-KEBON-JERUK,UPPPD Kebon Jeruk,Jakarta Barat,PENDING,DIRECTORY_POOL,Calon identitas pusat — BELUM anggota modul. Peran ditentukan admin saat mendaftarkan.,a7db7ab6-d6ac-5919-9110-ed2c503cf212
3172,Oki Harahap,3100000000000072@lab.ecmp.local,3100000000000072,UPPPD-KEBON-JERUK,UPPPD Kebon Jeruk,Jakarta Barat,PENDING,DIRECTORY_POOL,Calon identitas pusat — BELUM anggota modul. Peran ditentukan admin saat mendaftarkan.,69a4e37e-1a0f-5652-af31-b4ceeea164c5
3173,Sari Pratama,3100000000000073@lab.ecmp.local,3100000000000073,UPPPD-PALMERAH,UPPPD Palmerah,Jakarta Barat,PENDING,DIRECTORY_POOL,Calon identitas pusat — BELUM anggota modul. Peran ditentukan admin saat mendaftarkan.,4082bfeb-ed8b-52ca-81a9-e7f9ae5f899b
3174,Vina Oktaviani,3100000000000074@lab.ecmp.local,3100000000000074,UPPPD-PALMERAH,UPPPD Palmerah,Jakarta Barat,PENDING,DIRECTORY_POOL,Calon identitas pusat — BELUM anggota modul. Peran ditentukan admin saat mendaftarkan.,bd0dc1da-5d4d-5783-8c42-ff042ab8aa7b
3175,Zaki Saputra,3100000000000075@lab.ecmp.local,3100000000000075,UPPPD-PALMERAH,UPPPD Palmerah,Jakarta Barat,PENDING,DIRECTORY_POOL,Calon identitas pusat — BELUM anggota modul. Peran ditentukan admin saat mendaftarkan.,5da544ea-61a7-5b29-9c54-ea32d2fa803f
3176,Dian Sari,3100000000000076@lab.ecmp.local,3100000000000076,UPPPD-PALMERAH,UPPPD Palmerah,Jakarta Barat,PENDING,DIRECTORY_POOL,Calon identitas pusat — BELUM anggota modul. Peran ditentukan admin saat mendaftarkan.,51bc049f-9c4e-57ad-95cc-99c498aeaefc
3177,Hendra Anggraini,3100000000000077@lab.ecmp.local,3100000000000077,UPPPD-KEMBANGAN,UPPPD Kembangan,Jakarta Barat,PENDING,DIRECTORY_POOL,Calon identitas pusat — BELUM anggota modul. Peran ditentukan admin saat mendaftarkan.,9553c231-775f-5974-9dbb-3fc09fca306b
3178,Kirana Panggabean,3100000000000078@lab.ecmp.local,3100000000000078,UPPPD-KEMBANGAN,UPPPD Kembangan,Jakarta Barat,PENDING,DIRECTORY_POOL,Calon identitas pusat — BELUM anggota modul. Peran ditentukan admin saat mendaftarkan.,16875864-5e7b-5a8d-96db-03897398cab9
3179,Nurul Setiawan,3100000000000079@lab.ecmp.local,3100000000000079,UPPPD-KEMBANGAN,UPPPD Kembangan,Jakarta Barat,PENDING,DIRECTORY_POOL,Calon identitas pusat — BELUM anggota modul. Peran ditentukan admin saat mendaftarkan.,7f11343d-c8c3-5ebf-9ec5-61f370d66f16
3180,Surya Cahyadi,3100000000000080@lab.ecmp.local,3100000000000080,UPPPD-KEMBANGAN,UPPPD Kembangan,Jakarta Barat,PENDING,DIRECTORY_POOL,Calon identitas pusat — BELUM anggota modul. Peran ditentukan admin saat mendaftarkan.,6c3cd6fc-35ee-5120-94ae-ea3245a522d5
3181,Citra Sari,3100000000000081@lab.ecmp.local,3100000000000081,UPPPD-CENGKARENG,UPPPD Cengkareng,Jakarta Barat,PENDING,DIRECTORY_POOL,Calon identitas pusat — BELUM anggota modul. Peran ditentukan admin saat mendaftarkan.,c592504e-fb10-5ce5-994e-81eb399de722
3182,Fitri Anggraini,3100000000000082@lab.ecmp.local,3100000000000082,UPPPD-CENGKARENG,UPPPD Cengkareng,Jakarta Barat,PENDING,DIRECTORY_POOL,Calon identitas pusat — BELUM anggota modul. Peran ditentukan admin saat mendaftarkan.,41afce27-85c8-5a5c-a2fb-484f618eaa03
3183,Indra Panggabean,3100000000000083@lab.ecmp.local,3100000000000083,UPPPD-CENGKARENG,UPPPD Cengkareng,Jakarta Barat,PENDING,DIRECTORY_POOL,Calon identitas pusat — BELUM anggota modul. Peran ditentukan admin saat mendaftarkan.,36d0bd51-06dd-5fec-bcd2-7c5414b4bced
3184,Lestari Setiawan,3100000000000084@lab.ecmp.local,3100000000000084,UPPPD-CENGKARENG,UPPPD Cengkareng,Jakarta Barat,PENDING,DIRECTORY_POOL,Calon identitas pusat — BELUM anggota modul. Peran ditentukan admin saat mendaftarkan.,4587ad0e-7d37-5353-b3a2-ac9d72ee363e
3185,Oki Cahyadi,3100000000000085@lab.ecmp.local,3100000000000085,UPPPD-KALIDERES,UPPPD Kalideres,Jakarta Barat,PENDING,DIRECTORY_POOL,Calon identitas pusat — BELUM anggota modul. Peran ditentukan admin saat mendaftarkan.,4f414604-fb6a-5348-a170-9e4d53d25670
3186,Sari Rahayu,3100000000000086@lab.ecmp.local,3100000000000086,UPPPD-KALIDERES,UPPPD Kalideres,Jakarta Barat,PENDING,DIRECTORY_POOL,Calon identitas pusat — BELUM anggota modul. Peran ditentukan admin saat mendaftarkan.,ab09cae1-18e2-56eb-80a2-9b4b278450e5
3187,Vina Gunawan,3100000000000087@lab.ecmp.local,3100000000000087,UPPPD-KALIDERES,UPPPD Kalideres,Jakarta Barat,PENDING,DIRECTORY_POOL,Calon identitas pusat — BELUM anggota modul. Peran ditentukan admin saat mendaftarkan.,bcb99a42-736e-571d-ada5-3c7fb8be87a3
3188,Zaki Nasution,3100000000000088@lab.ecmp.local,3100000000000088,UPPPD-KALIDERES,UPPPD Kalideres,Jakarta Barat,PENDING,DIRECTORY_POOL,Calon identitas pusat — BELUM anggota modul. Peran ditentukan admin saat mendaftarkan.,6cfdd906-f25e-5c75-b974-53d1e60724b6
3189,Dian Hutagalung,3100000000000089@lab.ecmp.local,3100000000000089,UPPPD-KEBAYORAN-BARU,UPPPD Kebayoran Baru,Jakarta Selatan,PENDING,DIRECTORY_POOL,Calon identitas pusat — BELUM anggota modul. Peran ditentukan admin saat mendaftarkan.,35b1abed-8846-5c59-8b88-1743e4e74578
3190,Hendra Safitri,3100000000000090@lab.ecmp.local,3100000000000090,UPPPD-KEBAYORAN-BARU,UPPPD Kebayoran Baru,Jakarta Selatan,PENDING,DIRECTORY_POOL,Calon identitas pusat — BELUM anggota modul. Peran ditentukan admin saat mendaftarkan.,c1b1247f-bf2e-53bd-af62-6994f6a905e5
3191,Kirana Santoso,3100000000000091@lab.ecmp.local,3100000000000091,UPPPD-KEBAYORAN-BARU,UPPPD Kebayoran Baru,Jakarta Selatan,PENDING,DIRECTORY_POOL,Calon identitas pusat — BELUM anggota modul. Peran ditentukan admin saat mendaftarkan.,dfdcbca3-ec85-5a9d-a224-f03c6ef139f2
3192,Nurul Hidayat,3100000000000092@lab.ecmp.local,3100000000000092,UPPPD-KEBAYORAN-BARU,UPPPD Kebayoran Baru,Jakarta Selatan,PENDING,DIRECTORY_POOL,Calon identitas pusat — BELUM anggota modul. Peran ditentukan admin saat mendaftarkan.,41d8b7e6-b341-582e-be6f-2bef00263b41
3193,Surya Firmansyah,3100000000000093@lab.ecmp.local,3100000000000093,UPPPD-KEBAYORAN-LAMA,UPPPD Kebayoran Lama,Jakarta Selatan,PENDING,DIRECTORY_POOL,Calon identitas pusat — BELUM anggota modul. Peran ditentukan admin saat mendaftarkan.,ccc434ec-f5ee-53a3-a89a-c0e5a37561e9
3194,Budi Siregar,3100000000000094@lab.ecmp.local,3100000000000094,UPPPD-KEBAYORAN-LAMA,UPPPD Kebayoran Lama,Jakarta Selatan,PENDING,DIRECTORY_POOL,Calon identitas pusat — BELUM anggota modul. Peran ditentukan admin saat mendaftarkan.,f6e0c55a-99a3-5384-bcee-53f5fb6f88c5
3195,Eko Dalimunthe,3100000000000095@lab.ecmp.local,3100000000000095,UPPPD-KEBAYORAN-LAMA,UPPPD Kebayoran Lama,Jakarta Selatan,PENDING,DIRECTORY_POOL,Calon identitas pusat — BELUM anggota modul. Peran ditentukan admin saat mendaftarkan.,c09f5ea2-b0fe-57c6-b245-9ebb2be03935
3196,Hana Ramadhan,3100000000000096@lab.ecmp.local,3100000000000096,UPPPD-KEBAYORAN-LAMA,UPPPD Kebayoran Lama,Jakarta Selatan,PENDING,DIRECTORY_POOL,Calon identitas pusat — BELUM anggota modul. Peran ditentukan admin saat mendaftarkan.,3aa80c3b-61b6-591d-aff4-22ed09d297ee
3197,Kartika Kusuma,3100000000000097@lab.ecmp.local,3100000000000097,UPPPD-PESANGGRAHAN,UPPPD Pesanggrahan,Jakarta Selatan,PENDING,DIRECTORY_POOL,Calon identitas pusat — BELUM anggota modul. Peran ditentukan admin saat mendaftarkan.,16ae0efd-61d7-527d-8cc4-ab16f111a8c5
3198,Nanda Putri,3100000000000098@lab.ecmp.local,3100000000000098,UPPPD-PESANGGRAHAN,UPPPD Pesanggrahan,Jakarta Selatan,PENDING,DIRECTORY_POOL,Calon identitas pusat — BELUM anggota modul. Peran ditentukan admin saat mendaftarkan.,d470a671-4309-543b-ad2a-c42caaa1c994
3199,Rudi Permata,3100000000000099@lab.ecmp.local,3100000000000099,UPPPD-PESANGGRAHAN,UPPPD Pesanggrahan,Jakarta Selatan,PENDING,DIRECTORY_POOL,Calon identitas pusat — BELUM anggota modul. Peran ditentukan admin saat mendaftarkan.,18db2b36-fcfb-51be-9548-b76fe243dc1c
31100,Umi Manurung,3100000000000100@lab.ecmp.local,3100000000000100,UPPPD-PESANGGRAHAN,UPPPD Pesanggrahan,Jakarta Selatan,PENDING,DIRECTORY_POOL,Calon identitas pusat — BELUM anggota modul. Peran ditentukan admin saat mendaftarkan.,d01d74e3-9295-5eb4-b486-8ef77c9681e8
31101,Yuni Kurniawan,3100000000000101@lab.ecmp.local,3100000000000101,UPPPD-CILANDAK,UPPPD Cilandak,Jakarta Selatan,PENDING,DIRECTORY_POOL,Calon identitas pusat — BELUM anggota modul. Peran ditentukan admin saat mendaftarkan.,f26550ea-46b6-5405-a637-95087aa2cd55
31102,Bayu Prasetya,3100000000000102@lab.ecmp.local,3100000000000102,UPPPD-CILANDAK,UPPPD Cilandak,Jakarta Selatan,PENDING,DIRECTORY_POOL,Calon identitas pusat — BELUM anggota modul. Peran ditentukan admin saat mendaftarkan.,f89a89b3-bc94-5b21-9204-7eb9698d804b
31103,Gilang Lestari,3100000000000103@lab.ecmp.local,3100000000000103,UPPPD-CILANDAK,UPPPD Cilandak,Jakarta Selatan,PENDING,DIRECTORY_POOL,Calon identitas pusat — BELUM anggota modul. Peran ditentukan admin saat mendaftarkan.,4e3e013e-e136-5317-9163-bcd4117d54b2
31104,Jihan Wibowo,3100000000000104@lab.ecmp.local,3100000000000104,UPPPD-CILANDAK,UPPPD Cilandak,Jakarta Selatan,PENDING,DIRECTORY_POOL,Calon identitas pusat — BELUM anggota modul. Peran ditentukan admin saat mendaftarkan.,9903f83e-f46c-5c7b-9669-8e8a9f6b3901
31105,Mega Syahputra,3100000000000105@lab.ecmp.local,3100000000000105,UPPPD-PASAR-MINGGU,UPPPD Pasar Minggu,Jakarta Selatan,PENDING,DIRECTORY_POOL,Calon identitas pusat — BELUM anggota modul. Peran ditentukan admin saat mendaftarkan.,106e2a77-2bcf-5a22-a459-0e81447e6a62
31106,Rina Situmorang,3100000000000106@lab.ecmp.local,3100000000000106,UPPPD-PASAR-MINGGU,UPPPD Pasar Minggu,Jakarta Selatan,PENDING,DIRECTORY_POOL,Calon identitas pusat — BELUM anggota modul. Peran ditentukan admin saat mendaftarkan.,50f38f4b-a3e7-57cd-9755-ae31e36e15e5
31107,Ahmad Handayani,3100000000000107@lab.ecmp.local,3100000000000107,UPPPD-PASAR-MINGGU,UPPPD Pasar Minggu,Jakarta Selatan,PENDING,DIRECTORY_POOL,Calon identitas pusat — BELUM anggota modul. Peran ditentukan admin saat mendaftarkan.,af003116-2e42-5b79-a3ad-7534463fcd04
31108,Dewi Susanti,3100000000000108@lab.ecmp.local,3100000000000108,UPPPD-PASAR-MINGGU,UPPPD Pasar Minggu,Jakarta Selatan,PENDING,DIRECTORY_POOL,Calon identitas pusat — BELUM anggota modul. Peran ditentukan admin saat mendaftarkan.,9647cbab-c073-565b-b010-183dc6cc85da
31109,Galih Nugroho,3100000000000109@lab.ecmp.local,3100000000000109,UPPPD-JAGAKARSA,UPPPD Jagakarsa,Jakarta Selatan,PENDING,DIRECTORY_POOL,Calon identitas pusat — BELUM anggota modul. Peran ditentukan admin saat mendaftarkan.,f1dfb631-9a21-5a0f-adc8-d03ad314cbcd
31110,Joko Halim,3100000000000110@lab.ecmp.local,3100000000000110,UPPPD-JAGAKARSA,UPPPD Jagakarsa,Jakarta Selatan,PENDING,DIRECTORY_POOL,Calon identitas pusat — BELUM anggota modul. Peran ditentukan admin saat mendaftarkan.,2e72affe-fcfb-5c8d-9ab7-5bfff941a60a
31111,Maya Simanjuntak,3100000000000111@lab.ecmp.local,3100000000000111,UPPPD-JAGAKARSA,UPPPD Jagakarsa,Jakarta Selatan,PENDING,DIRECTORY_POOL,Calon identitas pusat — BELUM anggota modul. Peran ditentukan admin saat mendaftarkan.,b9380150-3370-5112-b841-6aa99ebb9f09
31112,Putri Lubis,3100000000000112@lab.ecmp.local,3100000000000112,UPPPD-JAGAKARSA,UPPPD Jagakarsa,Jakarta Selatan,PENDING,DIRECTORY_POOL,Calon identitas pusat — BELUM anggota modul. Peran ditentukan admin saat mendaftarkan.,cea329b5-31ef-5ec0-8386-e8e19cab3f90
31113,Tono Maulana,3100000000000113@lab.ecmp.local,3100000000000113,UPPPD-MAMPANG-PRAPATAN,UPPPD Mampang Prapatan,Jakarta Selatan,PENDING,DIRECTORY_POOL,Calon identitas pusat — BELUM anggota modul. Peran ditentukan admin saat mendaftarkan.,96f40fa4-aa33-5d0f-9c02-9117c27e77e9
31114,Wawan Wijaya,3100000000000114@lab.ecmp.local,3100000000000114,UPPPD-MAMPANG-PRAPATAN,UPPPD Mampang Prapatan,Jakarta Selatan,PENDING,DIRECTORY_POOL,Calon identitas pusat — BELUM anggota modul. Peran ditentukan admin saat mendaftarkan.,19a56ffb-cc55-5271-8db5-d5497045e10e
31115,Agus Putra,3100000000000115@lab.ecmp.local,3100000000000115,UPPPD-MAMPANG-PRAPATAN,UPPPD Mampang Prapatan,Jakarta Selatan,PENDING,DIRECTORY_POOL,Calon identitas pusat — BELUM anggota modul. Peran ditentukan admin saat mendaftarkan.,8f139882-adea-5da6-a989-fe47fc780e83
31116,Fajar Mahendra,3100000000000116@lab.ecmp.local,3100000000000116,UPPPD-MAMPANG-PRAPATAN,UPPPD Mampang Prapatan,Jakarta Selatan,PENDING,DIRECTORY_POOL,Calon identitas pusat — BELUM anggota modul. Peran ditentukan admin saat mendaftarkan.,58575e80-5038-5e7c-b899-fd0a990b92bc
31117,Intan Harahap,3100000000000117@lab.ecmp.local,3100000000000117,UPPPD-PANCORAN,UPPPD Pancoran,Jakarta Selatan,PENDING,DIRECTORY_POOL,Calon identitas pusat — BELUM anggota modul. Peran ditentukan admin saat mendaftarkan.,9fd434c2-b655-5dd9-97ee-59ac32869237
31118,Lukman Pratama,3100000000000118@lab.ecmp.local,3100000000000118,UPPPD-PANCORAN,UPPPD Pancoran,Jakarta Selatan,PENDING,DIRECTORY_POOL,Calon identitas pusat — BELUM anggota modul. Peran ditentukan admin saat mendaftarkan.,e9e17437-d146-55d2-b11e-64e2406e156b
31119,Prasetyo Oktaviani,3100000000000119@lab.ecmp.local,3100000000000119,UPPPD-PANCORAN,UPPPD Pancoran,Jakarta Selatan,PENDING,DIRECTORY_POOL,Calon identitas pusat — BELUM anggota modul. Peran ditentukan admin saat mendaftarkan.,93ff764c-dbc8-50ed-85c7-ee01edc291bc
31120,Tari Saputra,3100000000000120@lab.ecmp.local,3100000000000120,UPPPD-PANCORAN,UPPPD Pancoran,Jakarta Selatan,PENDING,DIRECTORY_POOL,Calon identitas pusat — BELUM anggota modul. Peran ditentukan admin saat mendaftarkan.,c43837be-242b-5206-96dc-fa8d3e4c2996
31121,Dewi Mahendra,3100000000000121@lab.ecmp.local,3100000000000121,UPPPD-TEBET,UPPPD Tebet,Jakarta Selatan,PENDING,DIRECTORY_POOL,Calon identitas pusat — BELUM anggota modul. Peran ditentukan admin saat mendaftarkan.,e9d96c75-b990-5939-a068-3ed24c2b418e
31122,Galih Harahap,3100000000000122@lab.ecmp.local,3100000000000122,UPPPD-TEBET,UPPPD Tebet,Jakarta Selatan,PENDING,DIRECTORY_POOL,Calon identitas pusat — BELUM anggota modul. Peran ditentukan admin saat mendaftarkan.,202b28cf-35ba-5731-8f4a-de067c9e730d
31123,Joko Pratama,3100000000000123@lab.ecmp.local,3100000000000123,UPPPD-TEBET,UPPPD Tebet,Jakarta Selatan,PENDING,DIRECTORY_POOL,Calon identitas pusat — BELUM anggota modul. Peran ditentukan admin saat mendaftarkan.,9559830a-7c2a-547b-807a-fed35795abf6
31124,Maya Oktaviani,3100000000000124@lab.ecmp.local,3100000000000124,UPPPD-TEBET,UPPPD Tebet,Jakarta Selatan,PENDING,DIRECTORY_POOL,Calon identitas pusat — BELUM anggota modul. Peran ditentukan admin saat mendaftarkan.,9c0c88d8-b24b-541d-a1cb-4f9948126e52
31125,Putri Saputra,3100000000000125@lab.ecmp.local,3100000000000125,UPPPD-SETIABUDI,UPPPD Setiabudi,Jakarta Selatan,PENDING,DIRECTORY_POOL,Calon identitas pusat — BELUM anggota modul. Peran ditentukan admin saat mendaftarkan.,302f82c8-905f-51ab-ad1d-e3bd347328c7
31126,Tono Sari,3100000000000126@lab.ecmp.local,3100000000000126,UPPPD-SETIABUDI,UPPPD Setiabudi,Jakarta Selatan,PENDING,DIRECTORY_POOL,Calon identitas pusat — BELUM anggota modul. Peran ditentukan admin saat mendaftarkan.,6e52e87f-7c77-5355-b479-5a8ff45ad8fd
31127,Wawan Anggraini,3100000000000127@lab.ecmp.local,3100000000000127,UPPPD-SETIABUDI,UPPPD Setiabudi,Jakarta Selatan,PENDING,DIRECTORY_POOL,Calon identitas pusat — BELUM anggota modul. Peran ditentukan admin saat mendaftarkan.,97ad42a1-71a3-54ea-a07a-b3b33a029698
31128,Agus Panggabean,3100000000000128@lab.ecmp.local,3100000000000128,UPPPD-SETIABUDI,UPPPD Setiabudi,Jakarta Selatan,PENDING,DIRECTORY_POOL,Calon identitas pusat — BELUM anggota modul. Peran ditentukan admin saat mendaftarkan.,70832eaf-28cc-52c4-909e-8b3c98508029
31129,Fajar Setiawan,3100000000000129@lab.ecmp.local,3100000000000129,UPPPD-MATRAMAN,UPPPD Matraman,Jakarta Timur,PENDING,DIRECTORY_POOL,Calon identitas pusat — BELUM anggota modul. Peran ditentukan admin saat mendaftarkan.,036ec25e-0cfd-5504-b14f-ebf89171f711
31130,Intan Cahyadi,3100000000000130@lab.ecmp.local,3100000000000130,UPPPD-MATRAMAN,UPPPD Matraman,Jakarta Timur,PENDING,DIRECTORY_POOL,Calon identitas pusat — BELUM anggota modul. Peran ditentukan admin saat mendaftarkan.,6d02a080-1c4b-5dbe-a7a9-51750c189cd6
31131,Lukman Rahayu,3100000000000131@lab.ecmp.local,3100000000000131,UPPPD-MATRAMAN,UPPPD Matraman,Jakarta Timur,PENDING,DIRECTORY_POOL,Calon identitas pusat — BELUM anggota modul. Peran ditentukan admin saat mendaftarkan.,d0612cb4-861b-56bc-ba14-ff5feaf83b4b
31132,Prasetyo Gunawan,3100000000000132@lab.ecmp.local,3100000000000132,UPPPD-MATRAMAN,UPPPD Matraman,Jakarta Timur,PENDING,DIRECTORY_POOL,Calon identitas pusat — BELUM anggota modul. Peran ditentukan admin saat mendaftarkan.,54549bcf-7041-5423-a316-0bb957786029
31133,Tari Nasution,3100000000000133@lab.ecmp.local,3100000000000133,UPPPD-PULOGADUNG,UPPPD Pulogadung,Jakarta Timur,PENDING,DIRECTORY_POOL,Calon identitas pusat — BELUM anggota modul. Peran ditentukan admin saat mendaftarkan.,f1345279-3d6a-584c-91c3-d2ca97185a75
31134,Citra Hutagalung,3100000000000134@lab.ecmp.local,3100000000000134,UPPPD-PULOGADUNG,UPPPD Pulogadung,Jakarta Timur,PENDING,DIRECTORY_POOL,Calon identitas pusat — BELUM anggota modul. Peran ditentukan admin saat mendaftarkan.,ebcb9a77-2850-5e95-af62-7963a46ba8a3
31135,Fitri Safitri,3100000000000135@lab.ecmp.local,3100000000000135,UPPPD-PULOGADUNG,UPPPD Pulogadung,Jakarta Timur,PENDING,DIRECTORY_POOL,Calon identitas pusat — BELUM anggota modul. Peran ditentukan admin saat mendaftarkan.,1b22f896-2072-5181-a06a-b1391c00e4be
31136,Indra Santoso,3100000000000136@lab.ecmp.local,3100000000000136,UPPPD-PULOGADUNG,UPPPD Pulogadung,Jakarta Timur,PENDING,DIRECTORY_POOL,Calon identitas pusat — BELUM anggota modul. Peran ditentukan admin saat mendaftarkan.,67a7e99b-207c-5a07-9a1a-5a06c2b072dd
31137,Lestari Hidayat,3100000000000137@lab.ecmp.local,3100000000000137,UPPPD-JATINEGARA,UPPPD Jatinegara,Jakarta Timur,PENDING,DIRECTORY_POOL,Calon identitas pusat — BELUM anggota modul. Peran ditentukan admin saat mendaftarkan.,7f8ac105-a541-5364-bea9-38a9bcd5f664
31138,Oki Firmansyah,3100000000000138@lab.ecmp.local,3100000000000138,UPPPD-JATINEGARA,UPPPD Jatinegara,Jakarta Timur,PENDING,DIRECTORY_POOL,Calon identitas pusat — BELUM anggota modul. Peran ditentukan admin saat mendaftarkan.,b1a23d64-900b-5c22-b4a1-ea39f1c3c2b5
31139,Sari Siregar,3100000000000139@lab.ecmp.local,3100000000000139,UPPPD-JATINEGARA,UPPPD Jatinegara,Jakarta Timur,PENDING,DIRECTORY_POOL,Calon identitas pusat — BELUM anggota modul. Peran ditentukan admin saat mendaftarkan.,7e68ee3e-e9d7-5b26-ab2c-1516fd0b558f
31140,Vina Dalimunthe,3100000000000140@lab.ecmp.local,3100000000000140,UPPPD-JATINEGARA,UPPPD Jatinegara,Jakarta Timur,PENDING,DIRECTORY_POOL,Calon identitas pusat — BELUM anggota modul. Peran ditentukan admin saat mendaftarkan.,0dd36877-a8e2-522c-a362-412a6d305afc
31141,Zaki Ramadhan,3100000000000141@lab.ecmp.local,3100000000000141,UPPPD-DUREN-SAWIT,UPPPD Duren Sawit,Jakarta Timur,PENDING,DIRECTORY_POOL,Calon identitas pusat — BELUM anggota modul. Peran ditentukan admin saat mendaftarkan.,6338c5d9-6f92-51a9-9149-7ea126399790
31142,Dian Kusuma,3100000000000142@lab.ecmp.local,3100000000000142,UPPPD-DUREN-SAWIT,UPPPD Duren Sawit,Jakarta Timur,PENDING,DIRECTORY_POOL,Calon identitas pusat — BELUM anggota modul. Peran ditentukan admin saat mendaftarkan.,852aa5a0-dc59-5c7e-81a1-871cfafab79d
31143,Hendra Putri,3100000000000143@lab.ecmp.local,3100000000000143,UPPPD-DUREN-SAWIT,UPPPD Duren Sawit,Jakarta Timur,PENDING,DIRECTORY_POOL,Calon identitas pusat — BELUM anggota modul. Peran ditentukan admin saat mendaftarkan.,e05586ed-ec87-50c5-b44d-2c47c7f697e6
31144,Kirana Permata,3100000000000144@lab.ecmp.local,3100000000000144,UPPPD-DUREN-SAWIT,UPPPD Duren Sawit,Jakarta Timur,PENDING,DIRECTORY_POOL,Calon identitas pusat — BELUM anggota modul. Peran ditentukan admin saat mendaftarkan.,0835764b-b12c-5e83-a9e2-9edaf73091a4
31145,Nurul Manurung,3100000000000145@lab.ecmp.local,3100000000000145,UPPPD-KRAMAT-JATI,UPPPD Kramat Jati,Jakarta Timur,PENDING,DIRECTORY_POOL,Calon identitas pusat — BELUM anggota modul. Peran ditentukan admin saat mendaftarkan.,c52d0644-ee39-54e2-aa51-63e1e79dd735
31146,Surya Kurniawan,3100000000000146@lab.ecmp.local,3100000000000146,UPPPD-KRAMAT-JATI,UPPPD Kramat Jati,Jakarta Timur,PENDING,DIRECTORY_POOL,Calon identitas pusat — BELUM anggota modul. Peran ditentukan admin saat mendaftarkan.,4c6dca8a-10d6-5fe6-bc20-3dbb15536a05
31147,Budi Prasetya,3100000000000147@lab.ecmp.local,3100000000000147,UPPPD-KRAMAT-JATI,UPPPD Kramat Jati,Jakarta Timur,PENDING,DIRECTORY_POOL,Calon identitas pusat — BELUM anggota modul. Peran ditentukan admin saat mendaftarkan.,fb85aae6-f248-563c-8574-c92e5954807c
31148,Eko Lestari,3100000000000148@lab.ecmp.local,3100000000000148,UPPPD-KRAMAT-JATI,UPPPD Kramat Jati,Jakarta Timur,PENDING,DIRECTORY_POOL,Calon identitas pusat — BELUM anggota modul. Peran ditentukan admin saat mendaftarkan.,eb646e76-3ec2-527f-912d-44d9aeb33a6a
31149,Hana Wibowo,3100000000000149@lab.ecmp.local,3100000000000149,UPPPD-MAKASAR,UPPPD Makasar,Jakarta Timur,PENDING,DIRECTORY_POOL,Calon identitas pusat — BELUM anggota modul. Peran ditentukan admin saat mendaftarkan.,534f0791-5ba9-5a69-b49b-a2f392b753c4
31150,Kartika Syahputra,3100000000000150@lab.ecmp.local,3100000000000150,UPPPD-MAKASAR,UPPPD Makasar,Jakarta Timur,PENDING,DIRECTORY_POOL,Calon identitas pusat — BELUM anggota modul. Peran ditentukan admin saat mendaftarkan.,475d8ad3-969e-5d55-8b30-53b757e3d861
31151,Nanda Situmorang,3100000000000151@lab.ecmp.local,3100000000000151,UPPPD-MAKASAR,UPPPD Makasar,Jakarta Timur,PENDING,DIRECTORY_POOL,Calon identitas pusat — BELUM anggota modul. Peran ditentukan admin saat mendaftarkan.,37fc4bbc-9a81-52e5-b00c-cfa87cb3af3c
31152,Rudi Handayani,3100000000000152@lab.ecmp.local,3100000000000152,UPPPD-MAKASAR,UPPPD Makasar,Jakarta Timur,PENDING,DIRECTORY_POOL,Calon identitas pusat — BELUM anggota modul. Peran ditentukan admin saat mendaftarkan.,966d6b7d-8c29-548b-bc10-150d9c79b2ab
31153,Umi Susanti,3100000000000153@lab.ecmp.local,3100000000000153,UPPPD-PASAR-REBO,UPPPD Pasar Rebo,Jakarta Timur,PENDING,DIRECTORY_POOL,Calon identitas pusat — BELUM anggota modul. Peran ditentukan admin saat mendaftarkan.,2771320f-0b70-5b7c-abe4-0069adefc40b
31154,Yuni Nugroho,3100000000000154@lab.ecmp.local,3100000000000154,UPPPD-PASAR-REBO,UPPPD Pasar Rebo,Jakarta Timur,PENDING,DIRECTORY_POOL,Calon identitas pusat — BELUM anggota modul. Peran ditentukan admin saat mendaftarkan.,09c9d2c6-e74d-5874-82f7-7ad317b24bfc
31155,Bayu Halim,3100000000000155@lab.ecmp.local,3100000000000155,UPPPD-PASAR-REBO,UPPPD Pasar Rebo,Jakarta Timur,PENDING,DIRECTORY_POOL,Calon identitas pusat — BELUM anggota modul. Peran ditentukan admin saat mendaftarkan.,fc445c49-cea9-5f5d-82d2-52d874c1d6c1
31156,Gilang Simanjuntak,3100000000000156@lab.ecmp.local,3100000000000156,UPPPD-PASAR-REBO,UPPPD Pasar Rebo,Jakarta Timur,PENDING,DIRECTORY_POOL,Calon identitas pusat — BELUM anggota modul. Peran ditentukan admin saat mendaftarkan.,119d4ddd-4946-50c1-a790-2f248893d00c
31157,Jihan Lubis,3100000000000157@lab.ecmp.local,3100000000000157,UPPPD-CIRACAS,UPPPD Ciracas,Jakarta Timur,PENDING,DIRECTORY_POOL,Calon identitas pusat — BELUM anggota modul. Peran ditentukan admin saat mendaftarkan.,fdc028b8-3a5a-51f5-9f44-1ee3186a7002
31158,Mega Maulana,3100000000000158@lab.ecmp.local,3100000000000158,UPPPD-CIRACAS,UPPPD Ciracas,Jakarta Timur,PENDING,DIRECTORY_POOL,Calon identitas pusat — BELUM anggota modul. Peran ditentukan admin saat mendaftarkan.,e8782697-fb86-53e9-aa76-2f3ac4bb69a9
31159,Rina Wijaya,3100000000000159@lab.ecmp.local,3100000000000159,UPPPD-CIRACAS,UPPPD Ciracas,Jakarta Timur,PENDING,DIRECTORY_POOL,Calon identitas pusat — BELUM anggota modul. Peran ditentukan admin saat mendaftarkan.,a1e14e5c-0d6d-5afc-b3b7-ae4ec3b09b6a
31160,Ahmad Putra,3100000000000160@lab.ecmp.local,3100000000000160,UPPPD-CIRACAS,UPPPD Ciracas,Jakarta Timur,PENDING,DIRECTORY_POOL,Calon identitas pusat — BELUM anggota modul. Peran ditentukan admin saat mendaftarkan.,e47d277a-a546-501a-a337-3b13115ec3c8
31161,Eko Simanjuntak,3100000000000161@lab.ecmp.local,3100000000000161,UPPPD-CIPAYUNG,UPPPD Cipayung,Jakarta Timur,PENDING,DIRECTORY_POOL,Calon identitas pusat — BELUM anggota modul. Peran ditentukan admin saat mendaftarkan.,78365514-a4c9-5ed7-a1c8-22e30d7bd309
31162,Hana Lubis,3100000000000162@lab.ecmp.local,3100000000000162,UPPPD-CIPAYUNG,UPPPD Cipayung,Jakarta Timur,PENDING,DIRECTORY_POOL,Calon identitas pusat — BELUM anggota modul. Peran ditentukan admin saat mendaftarkan.,ab4d222b-0cb7-56f2-85cb-79a36d9bae29
31163,Kartika Maulana,3100000000000163@lab.ecmp.local,3100000000000163,UPPPD-CIPAYUNG,UPPPD Cipayung,Jakarta Timur,PENDING,DIRECTORY_POOL,Calon identitas pusat — BELUM anggota modul. Peran ditentukan admin saat mendaftarkan.,7cf622a4-ee98-5620-ad5f-d0021767303a
31164,Nanda Wijaya,3100000000000164@lab.ecmp.local,3100000000000164,UPPPD-CIPAYUNG,UPPPD Cipayung,Jakarta Timur,PENDING,DIRECTORY_POOL,Calon identitas pusat — BELUM anggota modul. Peran ditentukan admin saat mendaftarkan.,30dda330-fc43-5356-8f5a-9d8f2ec5d57b
31165,Rudi Putra,3100000000000165@lab.ecmp.local,3100000000000165,UPPPD-CAKUNG,UPPPD Cakung,Jakarta Timur,PENDING,DIRECTORY_POOL,Calon identitas pusat — BELUM anggota modul. Peran ditentukan admin saat mendaftarkan.,c7984722-d64b-521a-ad6e-b4681a4fc72e
31166,Umi Mahendra,3100000000000166@lab.ecmp.local,3100000000000166,UPPPD-CAKUNG,UPPPD Cakung,Jakarta Timur,PENDING,DIRECTORY_POOL,Calon identitas pusat — BELUM anggota modul. Peran ditentukan admin saat mendaftarkan.,feffb7f0-f36e-53ca-81ce-cda36e9973a7
31167,Yuni Harahap,3100000000000167@lab.ecmp.local,3100000000000167,UPPPD-CAKUNG,UPPPD Cakung,Jakarta Timur,PENDING,DIRECTORY_POOL,Calon identitas pusat — BELUM anggota modul. Peran ditentukan admin saat mendaftarkan.,54dd7ec3-7b27-5156-9889-f416540cf818
31168,Bayu Pratama,3100000000000168@lab.ecmp.local,3100000000000168,UPPPD-CAKUNG,UPPPD Cakung,Jakarta Timur,PENDING,DIRECTORY_POOL,Calon identitas pusat — BELUM anggota modul. Peran ditentukan admin saat mendaftarkan.,8de88a6e-6a7d-58e4-b80f-84cd3f254a30
31169,Gilang Oktaviani,3100000000000169@lab.ecmp.local,3100000000000169,UPPPD-TANAH-ABANG,UPPPD Tanah Abang,Jakarta Pusat,PENDING,EXTRA_CANDIDATE,Calon ekstra — boleh tidak didaftarkan; uji user pusat ada tapi belum anggota modul.,02cb584e-0402-53e9-a020-6fee50824d77
31170,Jihan Saputra,3100000000000170@lab.ecmp.local,3100000000000170,UPPPD-GAMBIR,UPPPD Gambir,Jakarta Pusat,PENDING,EXTRA_CANDIDATE,Calon ekstra — boleh tidak didaftarkan; uji user pusat ada tapi belum anggota modul.,ce4775e1-ee31-5b80-8200-f6b666d23ea3
31171,Mega Sari,3100000000000171@lab.ecmp.local,3100000000000171,UPPPD-SAWAH-BESAR,UPPPD Sawah Besar,Jakarta Pusat,PENDING,EXTRA_CANDIDATE,Calon ekstra — boleh tidak didaftarkan; uji user pusat ada tapi belum anggota modul.,dbeb07d1-3cc0-52da-afb7-1eb9ffcf09f8
31172,Rina Anggraini,3100000000000172@lab.ecmp.local,3100000000000172,UPPPD-KEMAYORAN,UPPPD Kemayoran,Jakarta Pusat,PENDING,EXTRA_CANDIDATE,Calon ekstra — boleh tidak didaftarkan; uji user pusat ada tapi belum anggota modul.,7689562c-bed0-5ffd-972a-cde3546f3883
31173,Ahmad Panggabean,3100000000000173@lab.ecmp.local,3100000000000173,UPPPD-SENEN,UPPPD Senen,Jakarta Pusat,PENDING,EXTRA_CANDIDATE,Calon ekstra — boleh tidak didaftarkan; uji user pusat ada tapi belum anggota modul.,2164b999-d0c0-5b2e-9043-7a2c2c56424c
31174,Dewi Setiawan,3100000000000174@lab.ecmp.local,3100000000000174,UPPPD-CEMPAKA-PUTIH,UPPPD Cempaka Putih,Jakarta Pusat,PENDING,EXTRA_CANDIDATE,Calon ekstra — boleh tidak didaftarkan; uji user pusat ada tapi belum anggota modul.,768c0b5f-3219-5d31-a6e1-88a775964a9c
31175,Galih Cahyadi,3100000000000175@lab.ecmp.local,3100000000000175,UPPPD-MENTENG,UPPPD Menteng,Jakarta Pusat,PENDING,EXTRA_CANDIDATE,Calon ekstra — boleh tidak didaftarkan; uji user pusat ada tapi belum anggota modul.,9c2ba79e-ffe3-5698-9635-6815aa4e656b
31176,Joko Rahayu,3100000000000176@lab.ecmp.local,3100000000000176,UPPPD-JOHAR-BARU,UPPPD Johar Baru,Jakarta Pusat,PENDING,EXTRA_CANDIDATE,Calon ekstra — boleh tidak didaftarkan; uji user pusat ada tapi belum anggota modul.,f91eaf98-6cd7-5b44-901b-5bd5d8c61c1a
31177,Maya Gunawan,3100000000000177@lab.ecmp.local,3100000000000177,UPPPD-PENJARINGAN,UPPPD Penjaringan,Jakarta Utara,PENDING,EXTRA_CANDIDATE,Calon ekstra — boleh tidak didaftarkan; uji user pusat ada tapi belum anggota modul.,18b6740c-0974-53a0-ba79-bfe3f653b018
31178,Putri Nasution,3100000000000178@lab.ecmp.local,3100000000000178,UPPPD-PADEMANGAN,UPPPD Pademangan,Jakarta Utara,PENDING,EXTRA_CANDIDATE,Calon ekstra — boleh tidak didaftarkan; uji user pusat ada tapi belum anggota modul.,2ab9f24a-3404-597b-a7fc-2eda9b954e12
31179,Tono Hutagalung,3100000000000179@lab.ecmp.local,3100000000000179,UPPPD-TANJUNG-PRIOK,UPPPD Tanjung Priok,Jakarta Utara,PENDING,EXTRA_CANDIDATE,Calon ekstra — boleh tidak didaftarkan; uji user pusat ada tapi belum anggota modul.,b101a0df-f746-58f5-ae1e-69c55e35b61c
31180,Wawan Safitri,3100000000000180@lab.ecmp.local,3100000000000180,UPPPD-KOJA,UPPPD Koja,Jakarta Utara,PENDING,EXTRA_CANDIDATE,Calon ekstra — boleh tidak didaftarkan; uji user pusat ada tapi belum anggota modul.,8a490c8e-6c7c-5df7-a8a3-111a00429ba4
31181,Agus Santoso,3100000000000181@lab.ecmp.local,3100000000000181,UPPPD-KELAPA-GADING,UPPPD Kelapa Gading,Jakarta Utara,PENDING,EXTRA_CANDIDATE,Calon ekstra — boleh tidak didaftarkan; uji user pusat ada tapi belum anggota modul.,ac7143d1-c414-57f5-8ec7-3b18b9d9131b
31182,Fajar Hidayat,3100000000000182@lab.ecmp.local,3100000000000182,UPPPD-CILINCING,UPPPD Cilincing,Jakarta Utara,PENDING,EXTRA_CANDIDATE,Calon ekstra — boleh tidak didaftarkan; uji user pusat ada tapi belum anggota modul.,51f09ebc-efd5-5566-9fbf-c690e7be6aaf
31183,Intan Firmansyah,3100000000000183@lab.ecmp.local,3100000000000183,UPPPD-GROGOL-PETAMBURAN,UPPPD Grogol Petamburan,Jakarta Barat,PENDING,EXTRA_CANDIDATE,Calon ekstra — boleh tidak didaftarkan; uji user pusat ada tapi belum anggota modul.,f1468d01-8347-55de-9714-7c2f6491f0ab
31184,Lukman Siregar,3100000000000184@lab.ecmp.local,3100000000000184,UPPPD-TAMAN-SARI,UPPPD Taman Sari,Jakarta Barat,PENDING,EXTRA_CANDIDATE,Calon ekstra — boleh tidak didaftarkan; uji user pusat ada tapi belum anggota modul.,13c7cafc-cd0a-57c3-82fb-51acead6c7fa
31185,Prasetyo Dalimunthe,3100000000000185@lab.ecmp.local,3100000000000185,UPPPD-TAMBORA,UPPPD Tambora,Jakarta Barat,PENDING,EXTRA_CANDIDATE,Calon ekstra — boleh tidak didaftarkan; uji user pusat ada tapi belum anggota modul.,cd70fa60-7c14-5ab2-b667-2952fe249dc0
31186,Tari Ramadhan,3100000000000186@lab.ecmp.local,3100000000000186,UPPPD-KEBON-JERUK,UPPPD Kebon Jeruk,Jakarta Barat,PENDING,EXTRA_CANDIDATE,Calon ekstra — boleh tidak didaftarkan; uji user pusat ada tapi belum anggota modul.,add985c7-314c-53b2-b881-aab57ca8c8b7
31187,Citra Kusuma,3100000000000187@lab.ecmp.local,3100000000000187,UPPPD-PALMERAH,UPPPD Palmerah,Jakarta Barat,PENDING,EXTRA_CANDIDATE,Calon ekstra — boleh tidak didaftarkan; uji user pusat ada tapi belum anggota modul.,4b27236e-dc2f-5588-9114-4a3f5623d3a7
31188,Fitri Putri,3100000000000188@lab.ecmp.local,3100000000000188,UPPPD-KEMBANGAN,UPPPD Kembangan,Jakarta Barat,PENDING,EXTRA_CANDIDATE,Calon ekstra — boleh tidak didaftarkan; uji user pusat ada tapi belum anggota modul.,7984b62f-9405-5f8e-a8e9-761dc38bbf00
31189,Indra Permata,3100000000000189@lab.ecmp.local,3100000000000189,UPPPD-CENGKARENG,UPPPD Cengkareng,Jakarta Barat,PENDING,EXTRA_CANDIDATE,Calon ekstra — boleh tidak didaftarkan; uji user pusat ada tapi belum anggota modul.,fc0b8eb5-476d-50b5-b684-2cafa3492a39
31190,Lestari Manurung,3100000000000190@lab.ecmp.local,3100000000000190,UPPPD-KALIDERES,UPPPD Kalideres,Jakarta Barat,PENDING,EXTRA_CANDIDATE,Calon ekstra — boleh tidak didaftarkan; uji user pusat ada tapi belum anggota modul.,b292e3be-8b44-5f16-9881-7d4c069e447a
31191,Oki Kurniawan,3100000000000191@lab.ecmp.local,3100000000000191,UPPPD-KEBAYORAN-BARU,UPPPD Kebayoran Baru,Jakarta Selatan,PENDING,EXTRA_CANDIDATE,Calon ekstra — boleh tidak didaftarkan; uji user pusat ada tapi belum anggota modul.,170f7682-1a0b-5b0e-a82c-e4b7c629cadf
31192,Sari Prasetya,3100000000000192@lab.ecmp.local,3100000000000192,UPPPD-KEBAYORAN-LAMA,UPPPD Kebayoran Lama,Jakarta Selatan,PENDING,EXTRA_CANDIDATE,Calon ekstra — boleh tidak didaftarkan; uji user pusat ada tapi belum anggota modul.,824e85dd-a953-5e0f-96a7-c542775af4dc
31193,Vina Lestari,3100000000000193@lab.ecmp.local,3100000000000193,UPPPD-PESANGGRAHAN,UPPPD Pesanggrahan,Jakarta Selatan,PENDING,EXTRA_CANDIDATE,Calon ekstra — boleh tidak didaftarkan; uji user pusat ada tapi belum anggota modul.,2acfc4e5-ccdd-5c00-85c2-cdb3e98f13d9
31194,Zaki Wibowo,3100000000000194@lab.ecmp.local,3100000000000194,UPPPD-CILANDAK,UPPPD Cilandak,Jakarta Selatan,PENDING,EXTRA_CANDIDATE,Calon ekstra — boleh tidak didaftarkan; uji user pusat ada tapi belum anggota modul.,8ae36359-b3c1-5e11-af95-0d4c5dd6a11d
31195,Dian Syahputra,3100000000000195@lab.ecmp.local,3100000000000195,UPPPD-PASAR-MINGGU,UPPPD Pasar Minggu,Jakarta Selatan,PENDING,EXTRA_CANDIDATE,Calon ekstra — boleh tidak didaftarkan; uji user pusat ada tapi belum anggota modul.,92333e4e-0c03-5299-8486-8ed7f0f35321
31196,Hendra Situmorang,3100000000000196@lab.ecmp.local,3100000000000196,UPPPD-JAGAKARSA,UPPPD Jagakarsa,Jakarta Selatan,PENDING,EXTRA_CANDIDATE,Calon ekstra — boleh tidak didaftarkan; uji user pusat ada tapi belum anggota modul.,ab44fed6-0b78-5b69-bfa5-966e60c5d7fb
31197,Kirana Handayani,3100000000000197@lab.ecmp.local,3100000000000197,UPPPD-MAMPANG-PRAPATAN,UPPPD Mampang Prapatan,Jakarta Selatan,PENDING,EXTRA_CANDIDATE,Calon ekstra — boleh tidak didaftarkan; uji user pusat ada tapi belum anggota modul.,5d4af11f-6c8f-55c3-a2cc-57dec6ae7ca2
31198,Nurul Susanti,3100000000000198@lab.ecmp.local,3100000000000198,UPPPD-PANCORAN,UPPPD Pancoran,Jakarta Selatan,PENDING,EXTRA_CANDIDATE,Calon ekstra — boleh tidak didaftarkan; uji user pusat ada tapi belum anggota modul.,bf2b5358-7409-5945-a4d4-74d58b453f5f
31199,Surya Nugroho,3100000000000199@lab.ecmp.local,3100000000000199,UPPPD-TEBET,UPPPD Tebet,Jakarta Selatan,PENDING,EXTRA_CANDIDATE,Calon ekstra — boleh tidak didaftarkan; uji user pusat ada tapi belum anggota modul.,08b52887-e4c2-5e96-a055-1a6f010a3cad
31200,Budi Halim,3100000000000200@lab.ecmp.local,3100000000000200,UPPPD-SETIABUDI,UPPPD Setiabudi,Jakarta Selatan,PENDING,EXTRA_CANDIDATE,Calon ekstra — boleh tidak didaftarkan; uji user pusat ada tapi belum anggota modul.,c09ad493-04fd-5b47-896b-ede49feb6a42
